country_region_code,country_region,sub_region_1,sub_region_2,metro_area,iso_3166_2_code,census_fips_code,place_id,date,retail_and_recreation_percent_change_from_baseline,grocery_and_pharmacy_percent_change_from_baseline,parks_percent_change_from_baseline,transit_stations_percent_change_from_baseline,workplaces_percent_change_from_baseline,residential_percent_change_from_baseline
OM,Oman,,,,,,ChIJv5vVqWaf1j0RF6ixZXZMBjo,2021-01-01,-24,-16,-26,-26,-23,2
OM,Oman,,,,,,ChIJv5vVqWaf1j0RF6ixZXZMBjo,2021-01-02,-23,-12,-29,-24,-23,3
OM,Oman,,,,,,ChIJv5vVqWaf1j0RF6ixZXZMBjo,2021-01-03,-23,-11,-29,-24,-20,4
OM,Oman,,,,,,ChIJv5vVqWaf1j0RF6ixZXZMBjo,2021-01-04,-24,-12,-32,-29,-21,4
OM,Oman,,,,,,ChIJv5vVqWaf1j0RF6ixZXZMBjo,2021-01-05,-25,-14,-31,-22,-22,4
OM,Oman,,,,,,ChIJv5vVqWaf1j0RF6ixZXZMBjo,2021-01-06,-24,-14,-32,-22,-21,4
OM,Oman,,,,,,ChIJv5vVqWaf1j0RF6ixZXZMBjo,2021-01-07,-24,-14,-32,-23,-21,4
OM,Oman,,,,,,ChIJv5vVqWaf1j0RF6ixZXZMBjo,2021-01-08,-24,-17,-33,-27,-24,2
OM,Oman,,,,,,ChIJv5vVqWaf1j0RF6ixZXZMBjo,2021-01-09,-22,-14,-33,-25,-24,1
OM,Oman,,,,,,ChIJv5vVqWaf1j0RF6ixZXZMBjo,2021-01-10,-22,-13,-31,-27,-20,1
OM,Oman,,,,,,ChIJv5vVqWaf1j0RF6ixZXZMBjo,2021-01-11,-23,-14,-35,-27,-22,2
OM,Oman,,,,,,ChIJv5vVqWaf1j0RF6ixZXZMBjo,2021-01-12,-25,-17,-33,-22,-23,1
OM,Oman,,,,,,ChIJv5vVqWaf1j0RF6ixZXZMBjo,2021-01-13,-26,-17,-35,-28,-24,0
OM,Oman,,,,,,ChIJv5vVqWaf1j0RF6ixZXZMBjo,2021-01-14,-27,-19,-36,-28,-25,0
OM,Oman,,,,,,ChIJv5vVqWaf1j0RF6ixZXZMBjo,2021-01-15,-29,-25,-34,-34,-32,-1
OM,Oman,,,,,,ChIJv5vVqWaf1j0RF6ixZXZMBjo,2021-01-16,-28,-20,-35,-33,-31,-1
OM,Oman,,,,,,ChIJv5vVqWaf1j0RF6ixZXZMBjo,2021-01-17,-29,-21,-36,-34,-25,-1
OM,Oman,,,,,,ChIJv5vVqWaf1j0RF6ixZXZMBjo,2021-01-18,-29,-21,-38,-36,-26,0
OM,Oman,,,,,,ChIJv5vVqWaf1j0RF6ixZXZMBjo,2021-01-19,-30,-24,-35,-29,-26,0
OM,Oman,,,,,,ChIJv5vVqWaf1j0RF6ixZXZMBjo,2021-01-20,-29,-23,-37,-32,-25,0
OM,Oman,,,,,,ChIJv5vVqWaf1j0RF6ixZXZMBjo,2021-01-21,-26,-18,-35,-29,-25,0
OM,Oman,,,,,,ChIJv5vVqWaf1j0RF6ixZXZMBjo,2021-01-22,-26,-21,-31,-34,-31,0
OM,Oman,,,,,,ChIJv5vVqWaf1j0RF6ixZXZMBjo,2021-01-23,-24,-15,-34,-32,-29,-1
OM,Oman,,,,,,ChIJv5vVqWaf1j0RF6ixZXZMBjo,2021-01-24,-25,-16,-33,-31,-23,-1
OM,Oman,,,,,,ChIJv5vVqWaf1j0RF6ixZXZMBjo,2021-01-25,-23,-15,-35,-33,-25,-1
OM,Oman,,,,,,ChIJv5vVqWaf1j0RF6ixZXZMBjo,2021-01-26,-25,-17,-32,-26,-25,-1
OM,Oman,,,,,,ChIJv5vVqWaf1j0RF6ixZXZMBjo,2021-01-27,-24,-16,-34,-28,-24,0
OM,Oman,,,,,,ChIJv5vVqWaf1j0RF6ixZXZMBjo,2021-01-28,-24,-15,-34,-28,-24,0
OM,Oman,,,,,,ChIJv5vVqWaf1j0RF6ixZXZMBjo,2021-01-29,-24,-18,-32,-32,-30,-1
OM,Oman,,,,,,ChIJv5vVqWaf1j0RF6ixZXZMBjo,2021-01-30,-22,-13,-32,-29,-29,-2
OM,Oman,,,,,,ChIJv5vVqWaf1j0RF6ixZXZMBjo,2021-01-31,-22,-12,-33,-30,-22,-3
OM,Oman,,,,,,ChIJv5vVqWaf1j0RF6ixZXZMBjo,2021-02-01,-22,-13,-33,-34,-24,-2
OM,Oman,,,,,,ChIJv5vVqWaf1j0RF6ixZXZMBjo,2021-02-02,-23,-14,-32,-25,-24,-3
OM,Oman,,,,,,ChIJv5vVqWaf1j0RF6ixZXZMBjo,2021-02-03,-25,-17,-34,-28,-24,-2
OM,Oman,,,,,,ChIJv5vVqWaf1j0RF6ixZXZMBjo,2021-02-04,-25,-18,-32,-29,-24,-1
OM,Oman,,,,,,ChIJv5vVqWaf1j0RF6ixZXZMBjo,2021-02-05,-26,-20,-30,-33,-31,-1
OM,Oman,,,,,,ChIJv5vVqWaf1j0RF6ixZXZMBjo,2021-02-06,-25,-17,-31,-30,-30,-2
OM,Oman,,,,,,ChIJv5vVqWaf1j0RF6ixZXZMBjo,2021-02-07,-26,-18,-31,-32,-22,-2
OM,Oman,,,,,,ChIJv5vVqWaf1j0RF6ixZXZMBjo,2021-02-08,-25,-18,-33,-32,-25,-1
OM,Oman,,,,,,ChIJv5vVqWaf1j0RF6ixZXZMBjo,2021-02-09,-25,-16,-29,-26,-24,-1
OM,Oman,,,,,,ChIJv5vVqWaf1j0RF6ixZXZMBjo,2021-02-10,-25,-16,-29,-28,-24,-1
OM,Oman,,,,,,ChIJv5vVqWaf1j0RF6ixZXZMBjo,2021-02-11,-25,-16,-42,-28,-24,-1
OM,Oman,,,,,,ChIJv5vVqWaf1j0RF6ixZXZMBjo,2021-02-12,-27,-20,-52,-34,-33,0
OM,Oman,,,,,,ChIJv5vVqWaf1j0RF6ixZXZMBjo,2021-02-13,-24,-15,-44,-31,-33,-2
OM,Oman,,,,,,ChIJv5vVqWaf1j0RF6ixZXZMBjo,2021-02-14,-24,-15,-39,-32,-24,-3
OM,Oman,,,,,,ChIJv5vVqWaf1j0RF6ixZXZMBjo,2021-02-15,-26,-17,-44,-35,-26,-2
OM,Oman,,,,,,ChIJv5vVqWaf1j0RF6ixZXZMBjo,2021-02-16,-27,-17,-42,-29,-26,-2
OM,Oman,,,,,,ChIJv5vVqWaf1j0RF6ixZXZMBjo,2021-02-17,-26,-16,-43,-31,-26,-2
OM,Oman,,,,,,ChIJv5vVqWaf1j0RF6ixZXZMBjo,2021-02-18,-25,-17,-43,-30,-26,-1
OM,Oman,,,,,,ChIJv5vVqWaf1j0RF6ixZXZMBjo,2021-02-19,-26,-18,-51,-36,-32,-1
OM,Oman,,,,,,ChIJv5vVqWaf1j0RF6ixZXZMBjo,2021-02-20,-23,-14,-43,-32,-30,-2
OM,Oman,,,,,,ChIJv5vVqWaf1j0RF6ixZXZMBjo,2021-02-21,-25,-15,-39,-33,-23,-3
OM,Oman,,,,,,ChIJv5vVqWaf1j0RF6ixZXZMBjo,2021-02-22,-24,-15,-43,-34,-25,-3
OM,Oman,,,,,,ChIJv5vVqWaf1j0RF6ixZXZMBjo,2021-02-23,-21,-10,-40,-26,-25,-3
OM,Oman,,,,,,ChIJv5vVqWaf1j0RF6ixZXZMBjo,2021-02-24,-19,-8,-42,-27,-24,-3
OM,Oman,,,,,,ChIJv5vVqWaf1j0RF6ixZXZMBjo,2021-02-25,-18,-7,-42,-26,-24,-3
OM,Oman,,,,,,ChIJv5vVqWaf1j0RF6ixZXZMBjo,2021-02-26,-19,-11,-49,-31,-31,-2
OM,Oman,,,,,,ChIJv5vVqWaf1j0RF6ixZXZMBjo,2021-02-27,-16,-6,-41,-27,-28,-4
OM,Oman,,,,,,ChIJv5vVqWaf1j0RF6ixZXZMBjo,2021-02-28,-15,-4,-34,-28,-28,-4
OM,Oman,,,,,,ChIJv5vVqWaf1j0RF6ixZXZMBjo,2021-03-01,-15,-4,-38,-30,-30,-3
OM,Oman,,,,,,ChIJv5vVqWaf1j0RF6ixZXZMBjo,2021-03-02,-15,-5,-36,-24,-30,-4
OM,Oman,,,,,,ChIJv5vVqWaf1j0RF6ixZXZMBjo,2021-03-03,-14,-3,-37,-25,-30,-3
OM,Oman,,,,,,ChIJv5vVqWaf1j0RF6ixZXZMBjo,2021-03-04,-30,-18,-43,-30,-31,0
OM,Oman,,,,,,ChIJv5vVqWaf1j0RF6ixZXZMBjo,2021-03-05,-31,-17,-51,-34,-32,0
OM,Oman,,,,,,ChIJv5vVqWaf1j0RF6ixZXZMBjo,2021-03-06,-25,-12,-43,-31,-30,-2
OM,Oman,,,,,,ChIJv5vVqWaf1j0RF6ixZXZMBjo,2021-03-07,-27,-13,-39,-32,-24,-2
OM,Oman,,,,,,ChIJv5vVqWaf1j0RF6ixZXZMBjo,2021-03-08,-27,-14,-42,-33,-27,-2
OM,Oman,,,,,,ChIJv5vVqWaf1j0RF6ixZXZMBjo,2021-03-09,-27,-15,-40,-26,-27,-2
OM,Oman,,,,,,ChIJv5vVqWaf1j0RF6ixZXZMBjo,2021-03-10,-26,-11,-40,-27,-27,-3
OM,Oman,,,,,,ChIJv5vVqWaf1j0RF6ixZXZMBjo,2021-03-11,-27,-11,-39,-34,-58,6
OM,Oman,,,,,,ChIJv5vVqWaf1j0RF6ixZXZMBjo,2021-03-12,-30,-17,-50,-33,-32,-1
OM,Oman,,,,,,ChIJv5vVqWaf1j0RF6ixZXZMBjo,2021-03-13,-25,-13,-43,-31,-30,-2
OM,Oman,,,,,,ChIJv5vVqWaf1j0RF6ixZXZMBjo,2021-03-14,-26,-13,-37,-30,-24,-2
OM,Oman,,,,,,ChIJv5vVqWaf1j0RF6ixZXZMBjo,2021-03-15,-27,-14,-42,-31,-25,-2
OM,Oman,,,,,,ChIJv5vVqWaf1j0RF6ixZXZMBjo,2021-03-16,-27,-15,-38,-27,-25,-2
OM,Oman,,,,,,ChIJv5vVqWaf1j0RF6ixZXZMBjo,2021-03-17,-27,-14,-40,-28,-25,-1
OM,Oman,,,,,,ChIJv5vVqWaf1j0RF6ixZXZMBjo,2021-03-18,-27,-16,-42,-27,-25,-1
OM,Oman,,,,,,ChIJv5vVqWaf1j0RF6ixZXZMBjo,2021-03-19,-26,-15,-48,-30,-30,-1
OM,Oman,,,,,,ChIJv5vVqWaf1j0RF6ixZXZMBjo,2021-03-20,-22,-10,-41,-29,-29,-2
OM,Oman,,,,,,ChIJv5vVqWaf1j0RF6ixZXZMBjo,2021-03-21,-23,-11,-37,-28,-24,-2
OM,Oman,Ad Dakhiliyah ‍Governorate,,,OM-DA,,ChIJizZZXpdljz4Rn3ROOx0o-oo,2021-01-01,-20,-16,-34,,-26,0
OM,Oman,Ad Dakhiliyah ‍Governorate,,,OM-DA,,ChIJizZZXpdljz4Rn3ROOx0o-oo,2021-01-02,-18,-9,-28,,-26,1
OM,Oman,Ad Dakhiliyah ‍Governorate,,,OM-DA,,ChIJizZZXpdljz4Rn3ROOx0o-oo,2021-01-03,-20,-6,-32,,-20,1
OM,Oman,Ad Dakhiliyah ‍Governorate,,,OM-DA,,ChIJizZZXpdljz4Rn3ROOx0o-oo,2021-01-04,-19,-12,-34,,-23,2
OM,Oman,Ad Dakhiliyah ‍Governorate,,,OM-DA,,ChIJizZZXpdljz4Rn3ROOx0o-oo,2021-01-05,-21,-14,-38,,-24,1
OM,Oman,Ad Dakhiliyah ‍Governorate,,,OM-DA,,ChIJizZZXpdljz4Rn3ROOx0o-oo,2021-01-06,-19,-9,-36,,-22,2
OM,Oman,Ad Dakhiliyah ‍Governorate,,,OM-DA,,ChIJizZZXpdljz4Rn3ROOx0o-oo,2021-01-07,-19,-18,-32,,-22,2
OM,Oman,Ad Dakhiliyah ‍Governorate,,,OM-DA,,ChIJizZZXpdljz4Rn3ROOx0o-oo,2021-01-08,-17,-17,-33,,-26,-1
OM,Oman,Ad Dakhiliyah ‍Governorate,,,OM-DA,,ChIJizZZXpdljz4Rn3ROOx0o-oo,2021-01-09,-16,-8,-30,,-28,-3
OM,Oman,Ad Dakhiliyah ‍Governorate,,,OM-DA,,ChIJizZZXpdljz4Rn3ROOx0o-oo,2021-01-10,-18,-11,-34,,-22,-3
OM,Oman,Ad Dakhiliyah ‍Governorate,,,OM-DA,,ChIJizZZXpdljz4Rn3ROOx0o-oo,2021-01-11,-15,-15,-39,,-25,-2
OM,Oman,Ad Dakhiliyah ‍Governorate,,,OM-DA,,ChIJizZZXpdljz4Rn3ROOx0o-oo,2021-01-12,-19,-16,-38,,-26,-2
OM,Oman,Ad Dakhiliyah ‍Governorate,,,OM-DA,,ChIJizZZXpdljz4Rn3ROOx0o-oo,2021-01-13,-20,-13,-37,,-27,-3
OM,Oman,Ad Dakhiliyah ‍Governorate,,,OM-DA,,ChIJizZZXpdljz4Rn3ROOx0o-oo,2021-01-14,-20,-20,-40,,-26,-3
OM,Oman,Ad Dakhiliyah ‍Governorate,,,OM-DA,,ChIJizZZXpdljz4Rn3ROOx0o-oo,2021-01-15,-21,-24,-36,,-34,-5
OM,Oman,Ad Dakhiliyah ‍Governorate,,,OM-DA,,ChIJizZZXpdljz4Rn3ROOx0o-oo,2021-01-16,-22,-13,-35,,-33,-5
OM,Oman,Ad Dakhiliyah ‍Governorate,,,OM-DA,,ChIJizZZXpdljz4Rn3ROOx0o-oo,2021-01-17,-23,-17,-40,,-26,-4
OM,Oman,Ad Dakhiliyah ‍Governorate,,,OM-DA,,ChIJizZZXpdljz4Rn3ROOx0o-oo,2021-01-18,-23,-22,-44,,-27,-3
OM,Oman,Ad Dakhiliyah ‍Governorate,,,OM-DA,,ChIJizZZXpdljz4Rn3ROOx0o-oo,2021-01-19,-26,-22,-43,,-27,-4
OM,Oman,Ad Dakhiliyah ‍Governorate,,,OM-DA,,ChIJizZZXpdljz4Rn3ROOx0o-oo,2021-01-20,-26,-18,-43,,-26,-3
OM,Oman,Ad Dakhiliyah ‍Governorate,,,OM-DA,,ChIJizZZXpdljz4Rn3ROOx0o-oo,2021-01-21,-20,-18,-37,,-24,-5
OM,Oman,Ad Dakhiliyah ‍Governorate,,,OM-DA,,ChIJizZZXpdljz4Rn3ROOx0o-oo,2021-01-22,-18,-19,-33,,-33,-5
OM,Oman,Ad Dakhiliyah ‍Governorate,,,OM-DA,,ChIJizZZXpdljz4Rn3ROOx0o-oo,2021-01-23,-16,-3,-33,,-33,-6
OM,Oman,Ad Dakhiliyah ‍Governorate,,,OM-DA,,ChIJizZZXpdljz4Rn3ROOx0o-oo,2021-01-24,-20,-10,-38,,-24,-6
OM,Oman,Ad Dakhiliyah ‍Governorate,,,OM-DA,,ChIJizZZXpdljz4Rn3ROOx0o-oo,2021-01-25,-18,-13,-41,,-27,-5
OM,Oman,Ad Dakhiliyah ‍Governorate,,,OM-DA,,ChIJizZZXpdljz4Rn3ROOx0o-oo,2021-01-26,-20,-14,-38,,-27,-5
OM,Oman,Ad Dakhiliyah ‍Governorate,,,OM-DA,,ChIJizZZXpdljz4Rn3ROOx0o-oo,2021-01-27,-20,-15,-37,,-26,-3
OM,Oman,Ad Dakhiliyah ‍Governorate,,,OM-DA,,ChIJizZZXpdljz4Rn3ROOx0o-oo,2021-01-28,-18,-16,-38,,-24,-4
OM,Oman,Ad Dakhiliyah ‍Governorate,,,OM-DA,,ChIJizZZXpdljz4Rn3ROOx0o-oo,2021-01-29,-18,-16,-34,,-31,-6
OM,Oman,Ad Dakhiliyah ‍Governorate,,,OM-DA,,ChIJizZZXpdljz4Rn3ROOx0o-oo,2021-01-30,-16,-8,-34,,-35,-6
OM,Oman,Ad Dakhiliyah ‍Governorate,,,OM-DA,,ChIJizZZXpdljz4Rn3ROOx0o-oo,2021-01-31,-18,-9,-35,,-23,-7
OM,Oman,Ad Dakhiliyah ‍Governorate,,,OM-DA,,ChIJizZZXpdljz4Rn3ROOx0o-oo,2021-02-01,-18,-14,-37,,-25,-5
OM,Oman,Ad Dakhiliyah ‍Governorate,,,OM-DA,,ChIJizZZXpdljz4Rn3ROOx0o-oo,2021-02-02,-19,-12,-38,,-25,-6
OM,Oman,Ad Dakhiliyah ‍Governorate,,,OM-DA,,ChIJizZZXpdljz4Rn3ROOx0o-oo,2021-02-03,-22,-15,-37,,-25,-5
OM,Oman,Ad Dakhiliyah ‍Governorate,,,OM-DA,,ChIJizZZXpdljz4Rn3ROOx0o-oo,2021-02-04,-20,-21,-34,,-24,-5
OM,Oman,Ad Dakhiliyah ‍Governorate,,,OM-DA,,ChIJizZZXpdljz4Rn3ROOx0o-oo,2021-02-05,-20,-21,-32,,-35,-7
OM,Oman,Ad Dakhiliyah ‍Governorate,,,OM-DA,,ChIJizZZXpdljz4Rn3ROOx0o-oo,2021-02-06,-18,-11,-29,,-35,-6
OM,Oman,Ad Dakhiliyah ‍Governorate,,,OM-DA,,ChIJizZZXpdljz4Rn3ROOx0o-oo,2021-02-07,-21,-17,-37,,-23,-6
OM,Oman,Ad Dakhiliyah ‍Governorate,,,OM-DA,,ChIJizZZXpdljz4Rn3ROOx0o-oo,2021-02-08,-19,-18,-38,,-27,-5
OM,Oman,Ad Dakhiliyah ‍Governorate,,,OM-DA,,ChIJizZZXpdljz4Rn3ROOx0o-oo,2021-02-09,-20,-16,-38,,-25,-5
OM,Oman,Ad Dakhiliyah ‍Governorate,,,OM-DA,,ChIJizZZXpdljz4Rn3ROOx0o-oo,2021-02-10,-22,-17,-34,,-27,-5
OM,Oman,Ad Dakhiliyah ‍Governorate,,,OM-DA,,ChIJizZZXpdljz4Rn3ROOx0o-oo,2021-02-11,-21,-19,-39,,-26,-6
OM,Oman,Ad Dakhiliyah ‍Governorate,,,OM-DA,,ChIJizZZXpdljz4Rn3ROOx0o-oo,2021-02-12,-20,-17,-44,,-38,-6
OM,Oman,Ad Dakhiliyah ‍Governorate,,,OM-DA,,ChIJizZZXpdljz4Rn3ROOx0o-oo,2021-02-13,-19,-10,-37,,-40,-7
OM,Oman,Ad Dakhiliyah ‍Governorate,,,OM-DA,,ChIJizZZXpdljz4Rn3ROOx0o-oo,2021-02-14,-21,-13,-41,,-26,-7
OM,Oman,Ad Dakhiliyah ‍Governorate,,,OM-DA,,ChIJizZZXpdljz4Rn3ROOx0o-oo,2021-02-15,-24,-16,-44,,-29,-6
OM,Oman,Ad Dakhiliyah ‍Governorate,,,OM-DA,,ChIJizZZXpdljz4Rn3ROOx0o-oo,2021-02-16,-23,-14,-44,,-29,-6
OM,Oman,Ad Dakhiliyah ‍Governorate,,,OM-DA,,ChIJizZZXpdljz4Rn3ROOx0o-oo,2021-02-17,-22,-13,-41,,-29,-5
OM,Oman,Ad Dakhiliyah ‍Governorate,,,OM-DA,,ChIJizZZXpdljz4Rn3ROOx0o-oo,2021-02-18,-19,-16,-40,,-29,-5
OM,Oman,Ad Dakhiliyah ‍Governorate,,,OM-DA,,ChIJizZZXpdljz4Rn3ROOx0o-oo,2021-02-19,-18,-14,-39,,-38,-7
OM,Oman,Ad Dakhiliyah ‍Governorate,,,OM-DA,,ChIJizZZXpdljz4Rn3ROOx0o-oo,2021-02-20,-17,-7,-34,,-36,-8
OM,Oman,Ad Dakhiliyah ‍Governorate,,,OM-DA,,ChIJizZZXpdljz4Rn3ROOx0o-oo,2021-02-21,-20,-12,-37,,-26,-7
OM,Oman,Ad Dakhiliyah ‍Governorate,,,OM-DA,,ChIJizZZXpdljz4Rn3ROOx0o-oo,2021-02-22,-21,-16,-41,,-29,-6
OM,Oman,Ad Dakhiliyah ‍Governorate,,,OM-DA,,ChIJizZZXpdljz4Rn3ROOx0o-oo,2021-02-23,-14,-6,-41,,-28,-7
OM,Oman,Ad Dakhiliyah ‍Governorate,,,OM-DA,,ChIJizZZXpdljz4Rn3ROOx0o-oo,2021-02-24,-13,0,-41,,-29,-7
OM,Oman,Ad Dakhiliyah ‍Governorate,,,OM-DA,,ChIJizZZXpdljz4Rn3ROOx0o-oo,2021-02-25,-10,-8,-39,,-28,-7
OM,Oman,Ad Dakhiliyah ‍Governorate,,,OM-DA,,ChIJizZZXpdljz4Rn3ROOx0o-oo,2021-02-26,-12,-10,-41,,-39,-8
OM,Oman,Ad Dakhiliyah ‍Governorate,,,OM-DA,,ChIJizZZXpdljz4Rn3ROOx0o-oo,2021-02-27,-11,0,-30,,-35,-9
OM,Oman,Ad Dakhiliyah ‍Governorate,,,OM-DA,,ChIJizZZXpdljz4Rn3ROOx0o-oo,2021-02-28,-9,4,-29,,-36,-9
OM,Oman,Ad Dakhiliyah ‍Governorate,,,OM-DA,,ChIJizZZXpdljz4Rn3ROOx0o-oo,2021-03-01,-9,-4,-32,,-40,-7
OM,Oman,Ad Dakhiliyah ‍Governorate,,,OM-DA,,ChIJizZZXpdljz4Rn3ROOx0o-oo,2021-03-02,-8,-2,-31,,-39,-9
OM,Oman,Ad Dakhiliyah ‍Governorate,,,OM-DA,,ChIJizZZXpdljz4Rn3ROOx0o-oo,2021-03-03,-12,2,-31,,-41,-7
OM,Oman,Ad Dakhiliyah ‍Governorate,,,OM-DA,,ChIJizZZXpdljz4Rn3ROOx0o-oo,2021-03-04,-24,-20,-38,,-40,-5
OM,Oman,Ad Dakhiliyah ‍Governorate,,,OM-DA,,ChIJizZZXpdljz4Rn3ROOx0o-oo,2021-03-05,-23,-14,-41,,-39,-6
OM,Oman,Ad Dakhiliyah ‍Governorate,,,OM-DA,,ChIJizZZXpdljz4Rn3ROOx0o-oo,2021-03-06,-20,-6,-36,,-38,-8
OM,Oman,Ad Dakhiliyah ‍Governorate,,,OM-DA,,ChIJizZZXpdljz4Rn3ROOx0o-oo,2021-03-07,-22,-10,-39,,-31,-6
OM,Oman,Ad Dakhiliyah ‍Governorate,,,OM-DA,,ChIJizZZXpdljz4Rn3ROOx0o-oo,2021-03-08,-23,-15,-43,,-32,-5
OM,Oman,Ad Dakhiliyah ‍Governorate,,,OM-DA,,ChIJizZZXpdljz4Rn3ROOx0o-oo,2021-03-09,-22,-12,-42,,-32,-6
OM,Oman,Ad Dakhiliyah ‍Governorate,,,OM-DA,,ChIJizZZXpdljz4Rn3ROOx0o-oo,2021-03-10,-20,-8,-39,,-34,-7
OM,Oman,Ad Dakhiliyah ‍Governorate,,,OM-DA,,ChIJizZZXpdljz4Rn3ROOx0o-oo,2021-03-11,-16,-10,-24,,-59,-1
OM,Oman,Ad Dakhiliyah ‍Governorate,,,OM-DA,,ChIJizZZXpdljz4Rn3ROOx0o-oo,2021-03-12,-18,-12,-39,,-38,-7
OM,Oman,Ad Dakhiliyah ‍Governorate,,,OM-DA,,ChIJizZZXpdljz4Rn3ROOx0o-oo,2021-03-13,-18,-5,-35,,-36,-7
OM,Oman,Ad Dakhiliyah ‍Governorate,,,OM-DA,,ChIJizZZXpdljz4Rn3ROOx0o-oo,2021-03-14,-22,-9,-40,,-28,-7
OM,Oman,Ad Dakhiliyah ‍Governorate,,,OM-DA,,ChIJizZZXpdljz4Rn3ROOx0o-oo,2021-03-15,-21,-15,-44,,-31,-6
OM,Oman,Ad Dakhiliyah ‍Governorate,,,OM-DA,,ChIJizZZXpdljz4Rn3ROOx0o-oo,2021-03-16,-23,-14,-43,,-30,-5
OM,Oman,Ad Dakhiliyah ‍Governorate,,,OM-DA,,ChIJizZZXpdljz4Rn3ROOx0o-oo,2021-03-17,-23,-12,-43,,-31,-5
OM,Oman,Ad Dakhiliyah ‍Governorate,,,OM-DA,,ChIJizZZXpdljz4Rn3ROOx0o-oo,2021-03-18,-21,-17,-41,,-29,-4
OM,Oman,Ad Dakhiliyah ‍Governorate,,,OM-DA,,ChIJizZZXpdljz4Rn3ROOx0o-oo,2021-03-19,-20,-11,-43,,-36,-6
OM,Oman,Ad Dakhiliyah ‍Governorate,,,OM-DA,,ChIJizZZXpdljz4Rn3ROOx0o-oo,2021-03-20,-19,-6,-39,,-37,-7
OM,Oman,Ad Dakhiliyah ‍Governorate,,,OM-DA,,ChIJizZZXpdljz4Rn3ROOx0o-oo,2021-03-21,-20,-8,-38,,-30,-6
OM,Oman,Ad Dhahirah Governorate,,,OM-ZA,,ChIJl1Yol5amiT4RXJ-YPdEosVk,2021-01-01,-22,-20,-31,,-33,4
OM,Oman,Ad Dhahirah Governorate,,,OM-ZA,,ChIJl1Yol5amiT4RXJ-YPdEosVk,2021-01-02,-21,-11,-27,,-32,5
OM,Oman,Ad Dhahirah Governorate,,,OM-ZA,,ChIJl1Yol5amiT4RXJ-YPdEosVk,2021-01-03,-21,-14,-21,,-29,6
OM,Oman,Ad Dhahirah Governorate,,,OM-ZA,,ChIJl1Yol5amiT4RXJ-YPdEosVk,2021-01-04,-18,-18,-24,,-29,6
OM,Oman,Ad Dhahirah Governorate,,,OM-ZA,,ChIJl1Yol5amiT4RXJ-YPdEosVk,2021-01-05,-22,-16,-23,,-30,4
OM,Oman,Ad Dhahirah Governorate,,,OM-ZA,,ChIJl1Yol5amiT4RXJ-YPdEosVk,2021-01-06,-23,-15,-27,,-30,5
OM,Oman,Ad Dhahirah Governorate,,,OM-ZA,,ChIJl1Yol5amiT4RXJ-YPdEosVk,2021-01-07,-19,-19,-30,,-30,6
OM,Oman,Ad Dhahirah Governorate,,,OM-ZA,,ChIJl1Yol5amiT4RXJ-YPdEosVk,2021-01-08,-19,-21,-36,,-38,3
OM,Oman,Ad Dhahirah Governorate,,,OM-ZA,,ChIJl1Yol5amiT4RXJ-YPdEosVk,2021-01-09,-15,-12,-30,,-38,1
OM,Oman,Ad Dhahirah Governorate,,,OM-ZA,,ChIJl1Yol5amiT4RXJ-YPdEosVk,2021-01-10,-15,-18,-26,,-30,2
OM,Oman,Ad Dhahirah Governorate,,,OM-ZA,,ChIJl1Yol5amiT4RXJ-YPdEosVk,2021-01-11,-16,-17,-26,,-31,1
OM,Oman,Ad Dhahirah Governorate,,,OM-ZA,,ChIJl1Yol5amiT4RXJ-YPdEosVk,2021-01-12,-21,-22,-25,,-35,2
OM,Oman,Ad Dhahirah Governorate,,,OM-ZA,,ChIJl1Yol5amiT4RXJ-YPdEosVk,2021-01-13,-26,-25,-31,,-36,1
OM,Oman,Ad Dhahirah Governorate,,,OM-ZA,,ChIJl1Yol5amiT4RXJ-YPdEosVk,2021-01-14,-24,-25,-38,,-33,0
OM,Oman,Ad Dhahirah Governorate,,,OM-ZA,,ChIJl1Yol5amiT4RXJ-YPdEosVk,2021-01-15,-24,-30,-38,,-42,0
OM,Oman,Ad Dhahirah Governorate,,,OM-ZA,,ChIJl1Yol5amiT4RXJ-YPdEosVk,2021-01-16,-22,-19,-37,,-42,0
OM,Oman,Ad Dhahirah Governorate,,,OM-ZA,,ChIJl1Yol5amiT4RXJ-YPdEosVk,2021-01-17,-25,-22,-33,,-33,0
OM,Oman,Ad Dhahirah Governorate,,,OM-ZA,,ChIJl1Yol5amiT4RXJ-YPdEosVk,2021-01-18,-23,-24,-36,,-34,0
OM,Oman,Ad Dhahirah Governorate,,,OM-ZA,,ChIJl1Yol5amiT4RXJ-YPdEosVk,2021-01-19,-25,-27,-35,,-36,0
OM,Oman,Ad Dhahirah Governorate,,,OM-ZA,,ChIJl1Yol5amiT4RXJ-YPdEosVk,2021-01-20,-26,-25,-37,,-33,0
OM,Oman,Ad Dhahirah Governorate,,,OM-ZA,,ChIJl1Yol5amiT4RXJ-YPdEosVk,2021-01-21,-20,-20,-35,,-30,1
OM,Oman,Ad Dhahirah Governorate,,,OM-ZA,,ChIJl1Yol5amiT4RXJ-YPdEosVk,2021-01-22,-23,-20,-37,,-45,0
OM,Oman,Ad Dhahirah Governorate,,,OM-ZA,,ChIJl1Yol5amiT4RXJ-YPdEosVk,2021-01-23,-16,-8,-31,,-43,0
OM,Oman,Ad Dhahirah Governorate,,,OM-ZA,,ChIJl1Yol5amiT4RXJ-YPdEosVk,2021-01-24,-17,-18,-30,,-31,0
OM,Oman,Ad Dhahirah Governorate,,,OM-ZA,,ChIJl1Yol5amiT4RXJ-YPdEosVk,2021-01-25,-16,-14,-32,,-32,-1
OM,Oman,Ad Dhahirah Governorate,,,OM-ZA,,ChIJl1Yol5amiT4RXJ-YPdEosVk,2021-01-26,-20,-17,-29,,-33,0
OM,Oman,Ad Dhahirah Governorate,,,OM-ZA,,ChIJl1Yol5amiT4RXJ-YPdEosVk,2021-01-27,-21,-17,-32,,-32,1
OM,Oman,Ad Dhahirah Governorate,,,OM-ZA,,ChIJl1Yol5amiT4RXJ-YPdEosVk,2021-01-28,-18,-15,-34,,-32,-1
OM,Oman,Ad Dhahirah Governorate,,,OM-ZA,,ChIJl1Yol5amiT4RXJ-YPdEosVk,2021-01-29,-20,-22,-34,,-43,-2
OM,Oman,Ad Dhahirah Governorate,,,OM-ZA,,ChIJl1Yol5amiT4RXJ-YPdEosVk,2021-01-30,-17,-11,-29,,-41,-2
OM,Oman,Ad Dhahirah Governorate,,,OM-ZA,,ChIJl1Yol5amiT4RXJ-YPdEosVk,2021-01-31,-18,-16,-32,,-32,-3
OM,Oman,Ad Dhahirah Governorate,,,OM-ZA,,ChIJl1Yol5amiT4RXJ-YPdEosVk,2021-02-01,-16,-14,-33,,-33,-3
OM,Oman,Ad Dhahirah Governorate,,,OM-ZA,,ChIJl1Yol5amiT4RXJ-YPdEosVk,2021-02-02,-20,-17,-31,,-34,-2
OM,Oman,Ad Dhahirah Governorate,,,OM-ZA,,ChIJl1Yol5amiT4RXJ-YPdEosVk,2021-02-03,-21,-19,-35,,-33,-2
OM,Oman,Ad Dhahirah Governorate,,,OM-ZA,,ChIJl1Yol5amiT4RXJ-YPdEosVk,2021-02-04,-18,-22,-35,,-31,0
OM,Oman,Ad Dhahirah Governorate,,,OM-ZA,,ChIJl1Yol5amiT4RXJ-YPdEosVk,2021-02-05,-23,-23,-32,,-43,-2
OM,Oman,Ad Dhahirah Governorate,,,OM-ZA,,ChIJl1Yol5amiT4RXJ-YPdEosVk,2021-02-06,-17,-14,-31,,-43,-1
OM,Oman,Ad Dhahirah Governorate,,,OM-ZA,,ChIJl1Yol5amiT4RXJ-YPdEosVk,2021-02-07,-20,-19,-29,,-34,-2
OM,Oman,Ad Dhahirah Governorate,,,OM-ZA,,ChIJl1Yol5amiT4RXJ-YPdEosVk,2021-02-08,-21,-22,-32,,-34,-1
OM,Oman,Ad Dhahirah Governorate,,,OM-ZA,,ChIJl1Yol5amiT4RXJ-YPdEosVk,2021-02-09,-23,-19,-32,,-34,-1
OM,Oman,Ad Dhahirah Governorate,,,OM-ZA,,ChIJl1Yol5amiT4RXJ-YPdEosVk,2021-02-10,-23,-19,-30,,-36,-1
OM,Oman,Ad Dhahirah Governorate,,,OM-ZA,,ChIJl1Yol5amiT4RXJ-YPdEosVk,2021-02-11,-19,-23,-35,,-34,-1
OM,Oman,Ad Dhahirah Governorate,,,OM-ZA,,ChIJl1Yol5amiT4RXJ-YPdEosVk,2021-02-12,-20,-23,-37,,-49,-3
OM,Oman,Ad Dhahirah Governorate,,,OM-ZA,,ChIJl1Yol5amiT4RXJ-YPdEosVk,2021-02-13,-18,-15,-35,,-48,-3
OM,Oman,Ad Dhahirah Governorate,,,OM-ZA,,ChIJl1Yol5amiT4RXJ-YPdEosVk,2021-02-14,-20,-24,-35,,-36,-3
OM,Oman,Ad Dhahirah Governorate,,,OM-ZA,,ChIJl1Yol5amiT4RXJ-YPdEosVk,2021-02-15,-19,-18,-40,,-37,-4
OM,Oman,Ad Dhahirah Governorate,,,OM-ZA,,ChIJl1Yol5amiT4RXJ-YPdEosVk,2021-02-16,-20,-21,-35,,-37,-3
OM,Oman,Ad Dhahirah Governorate,,,OM-ZA,,ChIJl1Yol5amiT4RXJ-YPdEosVk,2021-02-17,-21,-19,-34,,-38,-3
OM,Oman,Ad Dhahirah Governorate,,,OM-ZA,,ChIJl1Yol5amiT4RXJ-YPdEosVk,2021-02-18,-19,-22,-37,,-35,-2
OM,Oman,Ad Dhahirah Governorate,,,OM-ZA,,ChIJl1Yol5amiT4RXJ-YPdEosVk,2021-02-19,-20,-20,-40,,-48,-5
OM,Oman,Ad Dhahirah Governorate,,,OM-ZA,,ChIJl1Yol5amiT4RXJ-YPdEosVk,2021-02-20,-17,-14,-35,,-46,-3
OM,Oman,Ad Dhahirah Governorate,,,OM-ZA,,ChIJl1Yol5amiT4RXJ-YPdEosVk,2021-02-21,-18,-19,-35,,-38,-2
OM,Oman,Ad Dhahirah Governorate,,,OM-ZA,,ChIJl1Yol5amiT4RXJ-YPdEosVk,2021-02-22,-20,-22,-37,,-39,-3
OM,Oman,Ad Dhahirah Governorate,,,OM-ZA,,ChIJl1Yol5amiT4RXJ-YPdEosVk,2021-02-23,-14,-7,-38,,-39,-3
OM,Oman,Ad Dhahirah Governorate,,,OM-ZA,,ChIJl1Yol5amiT4RXJ-YPdEosVk,2021-02-24,-15,-10,-35,,-37,-3
OM,Oman,Ad Dhahirah Governorate,,,OM-ZA,,ChIJl1Yol5amiT4RXJ-YPdEosVk,2021-02-25,-13,-8,-36,,-38,-4
OM,Oman,Ad Dhahirah Governorate,,,OM-ZA,,ChIJl1Yol5amiT4RXJ-YPdEosVk,2021-02-26,-16,-16,-38,,-47,-4
OM,Oman,Ad Dhahirah Governorate,,,OM-ZA,,ChIJl1Yol5amiT4RXJ-YPdEosVk,2021-02-27,-16,-10,-34,,-48,-7
OM,Oman,Ad Dhahirah Governorate,,,OM-ZA,,ChIJl1Yol5amiT4RXJ-YPdEosVk,2021-02-28,-13,-9,-31,,-48,-5
OM,Oman,Ad Dhahirah Governorate,,,OM-ZA,,ChIJl1Yol5amiT4RXJ-YPdEosVk,2021-03-01,-12,-8,-27,,-48,-3
OM,Oman,Ad Dhahirah Governorate,,,OM-ZA,,ChIJl1Yol5amiT4RXJ-YPdEosVk,2021-03-02,-15,-9,-31,,-48,-6
OM,Oman,Ad Dhahirah Governorate,,,OM-ZA,,ChIJl1Yol5amiT4RXJ-YPdEosVk,2021-03-03,-14,-10,-35,,-48,-4
OM,Oman,Ad Dhahirah Governorate,,,OM-ZA,,ChIJl1Yol5amiT4RXJ-YPdEosVk,2021-03-04,-26,-25,-36,,-48,-1
OM,Oman,Ad Dhahirah Governorate,,,OM-ZA,,ChIJl1Yol5amiT4RXJ-YPdEosVk,2021-03-05,-26,-24,-37,,-50,-3
OM,Oman,Ad Dhahirah Governorate,,,OM-ZA,,ChIJl1Yol5amiT4RXJ-YPdEosVk,2021-03-06,-19,-14,-35,,-46,-4
OM,Oman,Ad Dhahirah Governorate,,,OM-ZA,,ChIJl1Yol5amiT4RXJ-YPdEosVk,2021-03-07,-23,-22,-35,,-40,-4
OM,Oman,Ad Dhahirah Governorate,,,OM-ZA,,ChIJl1Yol5amiT4RXJ-YPdEosVk,2021-03-08,-23,-20,-34,,-41,-3
OM,Oman,Ad Dhahirah Governorate,,,OM-ZA,,ChIJl1Yol5amiT4RXJ-YPdEosVk,2021-03-09,-20,-18,-30,,-42,-1
OM,Oman,Ad Dhahirah Governorate,,,OM-ZA,,ChIJl1Yol5amiT4RXJ-YPdEosVk,2021-03-10,-21,-13,-30,,-43,-3
OM,Oman,Ad Dhahirah Governorate,,,OM-ZA,,ChIJl1Yol5amiT4RXJ-YPdEosVk,2021-03-11,-25,-16,-30,,-62,3
OM,Oman,Ad Dhahirah Governorate,,,OM-ZA,,ChIJl1Yol5amiT4RXJ-YPdEosVk,2021-03-12,-23,-20,-36,,-47,-3
OM,Oman,Ad Dhahirah Governorate,,,OM-ZA,,ChIJl1Yol5amiT4RXJ-YPdEosVk,2021-03-13,-19,-16,-37,,-47,-3
OM,Oman,Ad Dhahirah Governorate,,,OM-ZA,,ChIJl1Yol5amiT4RXJ-YPdEosVk,2021-03-14,-21,-20,-32,,-39,-1
OM,Oman,Ad Dhahirah Governorate,,,OM-ZA,,ChIJl1Yol5amiT4RXJ-YPdEosVk,2021-03-15,-22,-21,-36,,-40,-3
OM,Oman,Ad Dhahirah Governorate,,,OM-ZA,,ChIJl1Yol5amiT4RXJ-YPdEosVk,2021-03-16,-22,-21,-31,,-40,-2
OM,Oman,Ad Dhahirah Governorate,,,OM-ZA,,ChIJl1Yol5amiT4RXJ-YPdEosVk,2021-03-17,-24,-21,-35,,-41,-1
OM,Oman,Ad Dhahirah Governorate,,,OM-ZA,,ChIJl1Yol5amiT4RXJ-YPdEosVk,2021-03-18,-22,-22,-37,,-39,0
OM,Oman,Ad Dhahirah Governorate,,,OM-ZA,,ChIJl1Yol5amiT4RXJ-YPdEosVk,2021-03-19,-23,-21,-39,,-50,-2
OM,Oman,Ad Dhahirah Governorate,,,OM-ZA,,ChIJl1Yol5amiT4RXJ-YPdEosVk,2021-03-20,-19,-16,-37,,-48,-1
OM,Oman,Ad Dhahirah Governorate,,,OM-ZA,,ChIJl1Yol5amiT4RXJ-YPdEosVk,2021-03-21,-18,-20,-36,,-40,-1
OM,Oman,Al Batinah North Governorate,,,OM-BS,,ChIJ-Ywhaj4rjD4RokId6dkfWzs,2021-01-01,-27,-12,-24,-30,-30,0
OM,Oman,Al Batinah North Governorate,,,OM-BS,,ChIJ-Ywhaj4rjD4RokId6dkfWzs,2021-01-02,-26,-9,-27,-31,-28,1
OM,Oman,Al Batinah North Governorate,,,OM-BS,,ChIJ-Ywhaj4rjD4RokId6dkfWzs,2021-01-03,-25,-8,-29,-26,-24,1
OM,Oman,Al Batinah North Governorate,,,OM-BS,,ChIJ-Ywhaj4rjD4RokId6dkfWzs,2021-01-04,-28,-10,-33,-30,-24,2
OM,Oman,Al Batinah North Governorate,,,OM-BS,,ChIJ-Ywhaj4rjD4RokId6dkfWzs,2021-01-05,-27,-12,-36,-27,-24,1
OM,Oman,Al Batinah North Governorate,,,OM-BS,,ChIJ-Ywhaj4rjD4RokId6dkfWzs,2021-01-06,-26,-12,-31,-27,-23,2
OM,Oman,Al Batinah North Governorate,,,OM-BS,,ChIJ-Ywhaj4rjD4RokId6dkfWzs,2021-01-07,-27,-13,-37,-22,-24,2
OM,Oman,Al Batinah North Governorate,,,OM-BS,,ChIJ-Ywhaj4rjD4RokId6dkfWzs,2021-01-08,-28,-15,-35,-33,-29,0
OM,Oman,Al Batinah North Governorate,,,OM-BS,,ChIJ-Ywhaj4rjD4RokId6dkfWzs,2021-01-09,-25,-11,-36,-33,-30,-1
OM,Oman,Al Batinah North Governorate,,,OM-BS,,ChIJ-Ywhaj4rjD4RokId6dkfWzs,2021-01-10,-25,-11,-40,-34,-24,-2
OM,Oman,Al Batinah North Governorate,,,OM-BS,,ChIJ-Ywhaj4rjD4RokId6dkfWzs,2021-01-11,-27,-15,-40,-26,-24,-1
OM,Oman,Al Batinah North Governorate,,,OM-BS,,ChIJ-Ywhaj4rjD4RokId6dkfWzs,2021-01-12,-27,-15,-44,-28,-25,-1
OM,Oman,Al Batinah North Governorate,,,OM-BS,,ChIJ-Ywhaj4rjD4RokId6dkfWzs,2021-01-13,-28,-16,-43,-30,-25,-3
OM,Oman,Al Batinah North Governorate,,,OM-BS,,ChIJ-Ywhaj4rjD4RokId6dkfWzs,2021-01-14,-31,-18,-41,-32,-29,-3
OM,Oman,Al Batinah North Governorate,,,OM-BS,,ChIJ-Ywhaj4rjD4RokId6dkfWzs,2021-01-15,-34,-26,-41,-38,-38,-4
OM,Oman,Al Batinah North Governorate,,,OM-BS,,ChIJ-Ywhaj4rjD4RokId6dkfWzs,2021-01-16,-32,-20,-47,-39,-37,-3
OM,Oman,Al Batinah North Governorate,,,OM-BS,,ChIJ-Ywhaj4rjD4RokId6dkfWzs,2021-01-17,-33,-23,-47,-37,-30,-4
OM,Oman,Al Batinah North Governorate,,,OM-BS,,ChIJ-Ywhaj4rjD4RokId6dkfWzs,2021-01-18,-35,-24,-47,-34,-30,-3
OM,Oman,Al Batinah North Governorate,,,OM-BS,,ChIJ-Ywhaj4rjD4RokId6dkfWzs,2021-01-19,-35,-23,-48,-36,-29,-3
OM,Oman,Al Batinah North Governorate,,,OM-BS,,ChIJ-Ywhaj4rjD4RokId6dkfWzs,2021-01-20,-34,-22,-46,-38,-28,-2
OM,Oman,Al Batinah North Governorate,,,OM-BS,,ChIJ-Ywhaj4rjD4RokId6dkfWzs,2021-01-21,-31,-17,-44,-30,-29,-3
OM,Oman,Al Batinah North Governorate,,,OM-BS,,ChIJ-Ywhaj4rjD4RokId6dkfWzs,2021-01-22,-29,-19,-39,-35,-35,-4
OM,Oman,Al Batinah North Governorate,,,OM-BS,,ChIJ-Ywhaj4rjD4RokId6dkfWzs,2021-01-23,-27,-14,-42,-37,-35,-3
OM,Oman,Al Batinah North Governorate,,,OM-BS,,ChIJ-Ywhaj4rjD4RokId6dkfWzs,2021-01-24,-28,-16,-43,-32,-28,-4
OM,Oman,Al Batinah North Governorate,,,OM-BS,,ChIJ-Ywhaj4rjD4RokId6dkfWzs,2021-01-25,-29,-17,-42,-33,-27,-3
OM,Oman,Al Batinah North Governorate,,,OM-BS,,ChIJ-Ywhaj4rjD4RokId6dkfWzs,2021-01-26,-29,-17,-43,-25,-27,-3
OM,Oman,Al Batinah North Governorate,,,OM-BS,,ChIJ-Ywhaj4rjD4RokId6dkfWzs,2021-01-27,-30,-15,-45,-33,-27,-3
OM,Oman,Al Batinah North Governorate,,,OM-BS,,ChIJ-Ywhaj4rjD4RokId6dkfWzs,2021-01-28,-29,-15,-42,-32,-28,-3
OM,Oman,Al Batinah North Governorate,,,OM-BS,,ChIJ-Ywhaj4rjD4RokId6dkfWzs,2021-01-29,-29,-18,-39,-41,-36,-4
OM,Oman,Al Batinah North Governorate,,,OM-BS,,ChIJ-Ywhaj4rjD4RokId6dkfWzs,2021-01-30,-26,-15,-41,-35,-33,-5
OM,Oman,Al Batinah North Governorate,,,OM-BS,,ChIJ-Ywhaj4rjD4RokId6dkfWzs,2021-01-31,-26,-12,-44,-30,-27,-6
OM,Oman,Al Batinah North Governorate,,,OM-BS,,ChIJ-Ywhaj4rjD4RokId6dkfWzs,2021-02-01,-29,-15,-43,-28,-26,-6
OM,Oman,Al Batinah North Governorate,,,OM-BS,,ChIJ-Ywhaj4rjD4RokId6dkfWzs,2021-02-02,-29,-14,-44,-32,-27,-6
OM,Oman,Al Batinah North Governorate,,,OM-BS,,ChIJ-Ywhaj4rjD4RokId6dkfWzs,2021-02-03,-30,-14,-42,-35,-27,-5
OM,Oman,Al Batinah North Governorate,,,OM-BS,,ChIJ-Ywhaj4rjD4RokId6dkfWzs,2021-02-04,-33,-16,-42,-34,-29,-4
OM,Oman,Al Batinah North Governorate,,,OM-BS,,ChIJ-Ywhaj4rjD4RokId6dkfWzs,2021-02-05,-31,-19,-35,-41,-38,-4
OM,Oman,Al Batinah North Governorate,,,OM-BS,,ChIJ-Ywhaj4rjD4RokId6dkfWzs,2021-02-06,-30,-16,-39,-37,-36,-4
OM,Oman,Al Batinah North Governorate,,,OM-BS,,ChIJ-Ywhaj4rjD4RokId6dkfWzs,2021-02-07,-32,-16,-42,-36,-28,-5
OM,Oman,Al Batinah North Governorate,,,OM-BS,,ChIJ-Ywhaj4rjD4RokId6dkfWzs,2021-02-08,-33,-19,-42,-34,-29,-4
OM,Oman,Al Batinah North Governorate,,,OM-BS,,ChIJ-Ywhaj4rjD4RokId6dkfWzs,2021-02-09,-30,-15,-43,-33,-29,-4
OM,Oman,Al Batinah North Governorate,,,OM-BS,,ChIJ-Ywhaj4rjD4RokId6dkfWzs,2021-02-10,-30,-14,-40,-35,-28,-3
OM,Oman,Al Batinah North Governorate,,,OM-BS,,ChIJ-Ywhaj4rjD4RokId6dkfWzs,2021-02-11,-31,-15,-55,-34,-29,-3
OM,Oman,Al Batinah North Governorate,,,OM-BS,,ChIJ-Ywhaj4rjD4RokId6dkfWzs,2021-02-12,-32,-18,-61,-40,-41,-4
OM,Oman,Al Batinah North Governorate,,,OM-BS,,ChIJ-Ywhaj4rjD4RokId6dkfWzs,2021-02-13,-29,-14,-57,-40,-40,-6
OM,Oman,Al Batinah North Governorate,,,OM-BS,,ChIJ-Ywhaj4rjD4RokId6dkfWzs,2021-02-14,-29,-15,-54,-40,-30,-6
OM,Oman,Al Batinah North Governorate,,,OM-BS,,ChIJ-Ywhaj4rjD4RokId6dkfWzs,2021-02-15,-32,-19,-57,-35,-31,-5
OM,Oman,Al Batinah North Governorate,,,OM-BS,,ChIJ-Ywhaj4rjD4RokId6dkfWzs,2021-02-16,-32,-18,-56,-36,-30,-5
OM,Oman,Al Batinah North Governorate,,,OM-BS,,ChIJ-Ywhaj4rjD4RokId6dkfWzs,2021-02-17,-31,-17,-56,-34,-30,-4
OM,Oman,Al Batinah North Governorate,,,OM-BS,,ChIJ-Ywhaj4rjD4RokId6dkfWzs,2021-02-18,-32,-16,-58,-32,-32,-5
OM,Oman,Al Batinah North Governorate,,,OM-BS,,ChIJ-Ywhaj4rjD4RokId6dkfWzs,2021-02-19,-32,-19,-61,-37,-41,-5
OM,Oman,Al Batinah North Governorate,,,OM-BS,,ChIJ-Ywhaj4rjD4RokId6dkfWzs,2021-02-20,-30,-15,-56,-42,-38,-5
OM,Oman,Al Batinah North Governorate,,,OM-BS,,ChIJ-Ywhaj4rjD4RokId6dkfWzs,2021-02-21,-31,-17,-54,-41,-30,-6
OM,Oman,Al Batinah North Governorate,,,OM-BS,,ChIJ-Ywhaj4rjD4RokId6dkfWzs,2021-02-22,-31,-19,-54,-34,-30,-5
OM,Oman,Al Batinah North Governorate,,,OM-BS,,ChIJ-Ywhaj4rjD4RokId6dkfWzs,2021-02-23,-25,-7,-54,-30,-29,-6
OM,Oman,Al Batinah North Governorate,,,OM-BS,,ChIJ-Ywhaj4rjD4RokId6dkfWzs,2021-02-24,-23,-6,-55,-33,-29,-6
OM,Oman,Al Batinah North Governorate,,,OM-BS,,ChIJ-Ywhaj4rjD4RokId6dkfWzs,2021-02-25,-23,-4,-56,-31,-30,-6
OM,Oman,Al Batinah North Governorate,,,OM-BS,,ChIJ-Ywhaj4rjD4RokId6dkfWzs,2021-02-26,-25,-12,-62,-39,-39,-6
OM,Oman,Al Batinah North Governorate,,,OM-BS,,ChIJ-Ywhaj4rjD4RokId6dkfWzs,2021-02-27,-21,-7,-53,-38,-37,-7
OM,Oman,Al Batinah North Governorate,,,OM-BS,,ChIJ-Ywhaj4rjD4RokId6dkfWzs,2021-02-28,-19,-3,-53,-36,-37,-7
OM,Oman,Al Batinah North Governorate,,,OM-BS,,ChIJ-Ywhaj4rjD4RokId6dkfWzs,2021-03-01,-21,-6,-52,-33,-38,-6
OM,Oman,Al Batinah North Governorate,,,OM-BS,,ChIJ-Ywhaj4rjD4RokId6dkfWzs,2021-03-02,-20,-5,-52,-29,-37,-7
OM,Oman,Al Batinah North Governorate,,,OM-BS,,ChIJ-Ywhaj4rjD4RokId6dkfWzs,2021-03-03,-18,-1,-51,-39,-37,-6
OM,Oman,Al Batinah North Governorate,,,OM-BS,,ChIJ-Ywhaj4rjD4RokId6dkfWzs,2021-03-04,-36,-20,-56,-40,-39,-4
OM,Oman,Al Batinah North Governorate,,,OM-BS,,ChIJ-Ywhaj4rjD4RokId6dkfWzs,2021-03-05,-37,-20,-61,-42,-42,-4
OM,Oman,Al Batinah North Governorate,,,OM-BS,,ChIJ-Ywhaj4rjD4RokId6dkfWzs,2021-03-06,-31,-11,-55,-43,-38,-5
OM,Oman,Al Batinah North Governorate,,,OM-BS,,ChIJ-Ywhaj4rjD4RokId6dkfWzs,2021-03-07,-32,-12,-54,-41,-31,-5
OM,Oman,Al Batinah North Governorate,,,OM-BS,,ChIJ-Ywhaj4rjD4RokId6dkfWzs,2021-03-08,-33,-16,-54,-34,-33,-4
OM,Oman,Al Batinah North Governorate,,,OM-BS,,ChIJ-Ywhaj4rjD4RokId6dkfWzs,2021-03-09,-33,-15,-56,-38,-32,-4
OM,Oman,Al Batinah North Governorate,,,OM-BS,,ChIJ-Ywhaj4rjD4RokId6dkfWzs,2021-03-10,-30,-7,-54,-40,-33,-5
OM,Oman,Al Batinah North Governorate,,,OM-BS,,ChIJ-Ywhaj4rjD4RokId6dkfWzs,2021-03-11,-31,-9,-56,-38,-59,2
OM,Oman,Al Batinah North Governorate,,,OM-BS,,ChIJ-Ywhaj4rjD4RokId6dkfWzs,2021-03-12,-35,-17,-63,-39,-40,-5
OM,Oman,Al Batinah North Governorate,,,OM-BS,,ChIJ-Ywhaj4rjD4RokId6dkfWzs,2021-03-13,-31,-12,-55,-43,-36,-5
OM,Oman,Al Batinah North Governorate,,,OM-BS,,ChIJ-Ywhaj4rjD4RokId6dkfWzs,2021-03-14,-31,-14,-52,-33,-30,-6
OM,Oman,Al Batinah North Governorate,,,OM-BS,,ChIJ-Ywhaj4rjD4RokId6dkfWzs,2021-03-15,-33,-15,-53,-39,-32,-5
OM,Oman,Al Batinah North Governorate,,,OM-BS,,ChIJ-Ywhaj4rjD4RokId6dkfWzs,2021-03-16,-33,-14,-55,-34,-30,-5
OM,Oman,Al Batinah North Governorate,,,OM-BS,,ChIJ-Ywhaj4rjD4RokId6dkfWzs,2021-03-17,-33,-15,-54,-35,-30,-4
OM,Oman,Al Batinah North Governorate,,,OM-BS,,ChIJ-Ywhaj4rjD4RokId6dkfWzs,2021-03-18,-33,-16,-57,-35,-31,-3
OM,Oman,Al Batinah North Governorate,,,OM-BS,,ChIJ-Ywhaj4rjD4RokId6dkfWzs,2021-03-19,-31,-16,-60,-42,-38,-4
OM,Oman,Al Batinah North Governorate,,,OM-BS,,ChIJ-Ywhaj4rjD4RokId6dkfWzs,2021-03-20,-27,-12,-53,-41,-37,-5
OM,Oman,Al Batinah North Governorate,,,OM-BS,,ChIJ-Ywhaj4rjD4RokId6dkfWzs,2021-03-21,-27,-10,-54,-39,-32,-5
OM,Oman,Al Batinah South Governorate,,,OM-BJ,,ChIJQ4DUt-4rjD4Ryk7yaguCa3o,2021-01-01,-16,-15,-31,,-24,1
OM,Oman,Al Batinah South Governorate,,,OM-BJ,,ChIJQ4DUt-4rjD4Ryk7yaguCa3o,2021-01-02,-15,-17,-31,,-24,1
OM,Oman,Al Batinah South Governorate,,,OM-BJ,,ChIJQ4DUt-4rjD4Ryk7yaguCa3o,2021-01-03,-17,-15,-34,,-19,1
OM,Oman,Al Batinah South Governorate,,,OM-BJ,,ChIJQ4DUt-4rjD4Ryk7yaguCa3o,2021-01-04,-17,-17,-36,,-22,1
OM,Oman,Al Batinah South Governorate,,,OM-BJ,,ChIJQ4DUt-4rjD4Ryk7yaguCa3o,2021-01-05,-19,-17,-35,,-21,2
OM,Oman,Al Batinah South Governorate,,,OM-BJ,,ChIJQ4DUt-4rjD4Ryk7yaguCa3o,2021-01-06,-18,-16,-29,,-20,2
OM,Oman,Al Batinah South Governorate,,,OM-BJ,,ChIJQ4DUt-4rjD4Ryk7yaguCa3o,2021-01-07,-18,-17,-29,,-19,2
OM,Oman,Al Batinah South Governorate,,,OM-BJ,,ChIJQ4DUt-4rjD4Ryk7yaguCa3o,2021-01-08,-17,-17,-28,,-28,0
OM,Oman,Al Batinah South Governorate,,,OM-BJ,,ChIJQ4DUt-4rjD4Ryk7yaguCa3o,2021-01-09,-16,-20,-27,,-25,-1
OM,Oman,Al Batinah South Governorate,,,OM-BJ,,ChIJQ4DUt-4rjD4Ryk7yaguCa3o,2021-01-10,-16,-15,-28,,-20,-2
OM,Oman,Al Batinah South Governorate,,,OM-BJ,,ChIJQ4DUt-4rjD4Ryk7yaguCa3o,2021-01-11,-19,-21,-30,,-21,-1
OM,Oman,Al Batinah South Governorate,,,OM-BJ,,ChIJQ4DUt-4rjD4Ryk7yaguCa3o,2021-01-12,-18,-20,-31,,-22,-2
OM,Oman,Al Batinah South Governorate,,,OM-BJ,,ChIJQ4DUt-4rjD4Ryk7yaguCa3o,2021-01-13,-21,-22,-32,,-24,-3
OM,Oman,Al Batinah South Governorate,,,OM-BJ,,ChIJQ4DUt-4rjD4Ryk7yaguCa3o,2021-01-14,-24,-23,-31,,-24,-3
OM,Oman,Al Batinah South Governorate,,,OM-BJ,,ChIJQ4DUt-4rjD4Ryk7yaguCa3o,2021-01-15,-24,-26,-30,,-35,-3
OM,Oman,Al Batinah South Governorate,,,OM-BJ,,ChIJQ4DUt-4rjD4Ryk7yaguCa3o,2021-01-16,-22,-22,-27,,-33,-4
OM,Oman,Al Batinah South Governorate,,,OM-BJ,,ChIJQ4DUt-4rjD4Ryk7yaguCa3o,2021-01-17,-25,-25,-31,,-26,-4
OM,Oman,Al Batinah South Governorate,,,OM-BJ,,ChIJQ4DUt-4rjD4Ryk7yaguCa3o,2021-01-18,-25,-26,-33,,-26,-3
OM,Oman,Al Batinah South Governorate,,,OM-BJ,,ChIJQ4DUt-4rjD4Ryk7yaguCa3o,2021-01-19,-24,-26,-35,,-27,-3
OM,Oman,Al Batinah South Governorate,,,OM-BJ,,ChIJQ4DUt-4rjD4Ryk7yaguCa3o,2021-01-20,-25,-27,-37,,-26,-3
OM,Oman,Al Batinah South Governorate,,,OM-BJ,,ChIJQ4DUt-4rjD4Ryk7yaguCa3o,2021-01-21,-21,-23,-33,,-25,-3
OM,Oman,Al Batinah South Governorate,,,OM-BJ,,ChIJQ4DUt-4rjD4Ryk7yaguCa3o,2021-01-22,-18,-20,-30,,-34,-3
OM,Oman,Al Batinah South Governorate,,,OM-BJ,,ChIJQ4DUt-4rjD4Ryk7yaguCa3o,2021-01-23,-15,-17,-29,,-32,-4
OM,Oman,Al Batinah South Governorate,,,OM-BJ,,ChIJQ4DUt-4rjD4Ryk7yaguCa3o,2021-01-24,-18,-18,-32,,-24,-4
OM,Oman,Al Batinah South Governorate,,,OM-BJ,,ChIJQ4DUt-4rjD4Ryk7yaguCa3o,2021-01-25,-16,-19,-34,,-25,-4
OM,Oman,Al Batinah South Governorate,,,OM-BJ,,ChIJQ4DUt-4rjD4Ryk7yaguCa3o,2021-01-26,-18,-20,-34,,-24,-4
OM,Oman,Al Batinah South Governorate,,,OM-BJ,,ChIJQ4DUt-4rjD4Ryk7yaguCa3o,2021-01-27,-18,-20,-32,,-25,-4
OM,Oman,Al Batinah South Governorate,,,OM-BJ,,ChIJQ4DUt-4rjD4Ryk7yaguCa3o,2021-01-28,-20,-21,-33,,-23,-3
OM,Oman,Al Batinah South Governorate,,,OM-BJ,,ChIJQ4DUt-4rjD4Ryk7yaguCa3o,2021-01-29,-18,-20,-32,,-33,-4
OM,Oman,Al Batinah South Governorate,,,OM-BJ,,ChIJQ4DUt-4rjD4Ryk7yaguCa3o,2021-01-30,-16,-18,-27,,-32,-5
OM,Oman,Al Batinah South Governorate,,,OM-BJ,,ChIJQ4DUt-4rjD4Ryk7yaguCa3o,2021-01-31,-18,-17,-31,,-21,-6
OM,Oman,Al Batinah South Governorate,,,OM-BJ,,ChIJQ4DUt-4rjD4Ryk7yaguCa3o,2021-02-01,-19,-20,-33,,-23,-5
OM,Oman,Al Batinah South Governorate,,,OM-BJ,,ChIJQ4DUt-4rjD4Ryk7yaguCa3o,2021-02-02,-18,-19,-35,,-24,-5
OM,Oman,Al Batinah South Governorate,,,OM-BJ,,ChIJQ4DUt-4rjD4Ryk7yaguCa3o,2021-02-03,-21,-23,-36,,-25,-5
OM,Oman,Al Batinah South Governorate,,,OM-BJ,,ChIJQ4DUt-4rjD4Ryk7yaguCa3o,2021-02-04,-23,-24,-29,,-24,-4
OM,Oman,Al Batinah South Governorate,,,OM-BJ,,ChIJQ4DUt-4rjD4Ryk7yaguCa3o,2021-02-05,-21,-21,-34,,-37,-3
OM,Oman,Al Batinah South Governorate,,,OM-BJ,,ChIJQ4DUt-4rjD4Ryk7yaguCa3o,2021-02-06,-20,-19,-30,,-35,-4
OM,Oman,Al Batinah South Governorate,,,OM-BJ,,ChIJQ4DUt-4rjD4Ryk7yaguCa3o,2021-02-07,-22,-21,-31,,-24,-4
OM,Oman,Al Batinah South Governorate,,,OM-BJ,,ChIJQ4DUt-4rjD4Ryk7yaguCa3o,2021-02-08,-22,-23,-32,,-26,-4
OM,Oman,Al Batinah South Governorate,,,OM-BJ,,ChIJQ4DUt-4rjD4Ryk7yaguCa3o,2021-02-09,-20,-21,-30,,-24,-4
OM,Oman,Al Batinah South Governorate,,,OM-BJ,,ChIJQ4DUt-4rjD4Ryk7yaguCa3o,2021-02-10,-21,-22,-27,,-24,-4
OM,Oman,Al Batinah South Governorate,,,OM-BJ,,ChIJQ4DUt-4rjD4Ryk7yaguCa3o,2021-02-11,-21,-21,-33,,-24,-3
OM,Oman,Al Batinah South Governorate,,,OM-BJ,,ChIJQ4DUt-4rjD4Ryk7yaguCa3o,2021-02-12,-22,-21,-42,,-37,-3
OM,Oman,Al Batinah South Governorate,,,OM-BJ,,ChIJQ4DUt-4rjD4Ryk7yaguCa3o,2021-02-13,-19,-18,-33,,-35,-6
OM,Oman,Al Batinah South Governorate,,,OM-BJ,,ChIJQ4DUt-4rjD4Ryk7yaguCa3o,2021-02-14,-21,-20,-33,,-25,-6
OM,Oman,Al Batinah South Governorate,,,OM-BJ,,ChIJQ4DUt-4rjD4Ryk7yaguCa3o,2021-02-15,-21,-24,-37,,-28,-5
OM,Oman,Al Batinah South Governorate,,,OM-BJ,,ChIJQ4DUt-4rjD4Ryk7yaguCa3o,2021-02-16,-22,-21,-36,,-26,-5
OM,Oman,Al Batinah South Governorate,,,OM-BJ,,ChIJQ4DUt-4rjD4Ryk7yaguCa3o,2021-02-17,-22,-19,-38,,-26,-4
OM,Oman,Al Batinah South Governorate,,,OM-BJ,,ChIJQ4DUt-4rjD4Ryk7yaguCa3o,2021-02-18,-23,-22,-36,,-25,-4
OM,Oman,Al Batinah South Governorate,,,OM-BJ,,ChIJQ4DUt-4rjD4Ryk7yaguCa3o,2021-02-19,-20,-19,-41,,-39,-4
OM,Oman,Al Batinah South Governorate,,,OM-BJ,,ChIJQ4DUt-4rjD4Ryk7yaguCa3o,2021-02-20,-18,-18,-32,,-34,-5
OM,Oman,Al Batinah South Governorate,,,OM-BJ,,ChIJQ4DUt-4rjD4Ryk7yaguCa3o,2021-02-21,-20,-19,-36,,-23,-6
OM,Oman,Al Batinah South Governorate,,,OM-BJ,,ChIJQ4DUt-4rjD4Ryk7yaguCa3o,2021-02-22,-20,-18,-38,,-24,-6
OM,Oman,Al Batinah South Governorate,,,OM-BJ,,ChIJQ4DUt-4rjD4Ryk7yaguCa3o,2021-02-23,-13,-12,-36,,-24,-6
OM,Oman,Al Batinah South Governorate,,,OM-BJ,,ChIJQ4DUt-4rjD4Ryk7yaguCa3o,2021-02-24,-13,-10,-37,,-25,-6
OM,Oman,Al Batinah South Governorate,,,OM-BJ,,ChIJQ4DUt-4rjD4Ryk7yaguCa3o,2021-02-25,-11,-8,-35,,-24,-6
OM,Oman,Al Batinah South Governorate,,,OM-BJ,,ChIJQ4DUt-4rjD4Ryk7yaguCa3o,2021-02-26,-14,-12,-39,,-36,-6
OM,Oman,Al Batinah South Governorate,,,OM-BJ,,ChIJQ4DUt-4rjD4Ryk7yaguCa3o,2021-02-27,-10,-12,-32,,-31,-7
OM,Oman,Al Batinah South Governorate,,,OM-BJ,,ChIJQ4DUt-4rjD4Ryk7yaguCa3o,2021-02-28,-7,-7,-27,,-33,-7
OM,Oman,Al Batinah South Governorate,,,OM-BJ,,ChIJQ4DUt-4rjD4Ryk7yaguCa3o,2021-03-01,-6,-9,-29,,-35,-7
OM,Oman,Al Batinah South Governorate,,,OM-BJ,,ChIJQ4DUt-4rjD4Ryk7yaguCa3o,2021-03-02,-5,-10,-30,,-35,-7
OM,Oman,Al Batinah South Governorate,,,OM-BJ,,ChIJQ4DUt-4rjD4Ryk7yaguCa3o,2021-03-03,-6,-4,-29,,-35,-7
OM,Oman,Al Batinah South Governorate,,,OM-BJ,,ChIJQ4DUt-4rjD4Ryk7yaguCa3o,2021-03-04,-25,-23,-32,,-36,-4
OM,Oman,Al Batinah South Governorate,,,OM-BJ,,ChIJQ4DUt-4rjD4Ryk7yaguCa3o,2021-03-05,-25,-19,-39,,-38,-3
OM,Oman,Al Batinah South Governorate,,,OM-BJ,,ChIJQ4DUt-4rjD4Ryk7yaguCa3o,2021-03-06,-19,-18,-36,,-34,-6
OM,Oman,Al Batinah South Governorate,,,OM-BJ,,ChIJQ4DUt-4rjD4Ryk7yaguCa3o,2021-03-07,-20,-18,-31,,-25,-6
OM,Oman,Al Batinah South Governorate,,,OM-BJ,,ChIJQ4DUt-4rjD4Ryk7yaguCa3o,2021-03-08,-22,-20,-35,,-29,-6
OM,Oman,Al Batinah South Governorate,,,OM-BJ,,ChIJQ4DUt-4rjD4Ryk7yaguCa3o,2021-03-09,-21,-20,-39,,-28,-6
OM,Oman,Al Batinah South Governorate,,,OM-BJ,,ChIJQ4DUt-4rjD4Ryk7yaguCa3o,2021-03-10,-19,-15,-32,,-30,-7
OM,Oman,Al Batinah South Governorate,,,OM-BJ,,ChIJQ4DUt-4rjD4Ryk7yaguCa3o,2021-03-11,-18,-17,-24,,-57,0
OM,Oman,Al Batinah South Governorate,,,OM-BJ,,ChIJQ4DUt-4rjD4Ryk7yaguCa3o,2021-03-12,-24,-17,-42,,-37,-3
OM,Oman,Al Batinah South Governorate,,,OM-BJ,,ChIJQ4DUt-4rjD4Ryk7yaguCa3o,2021-03-13,-19,-15,-31,,-33,-5
OM,Oman,Al Batinah South Governorate,,,OM-BJ,,ChIJQ4DUt-4rjD4Ryk7yaguCa3o,2021-03-14,-21,-17,-31,,-25,-6
OM,Oman,Al Batinah South Governorate,,,OM-BJ,,ChIJQ4DUt-4rjD4Ryk7yaguCa3o,2021-03-15,-22,-20,-35,,-28,-5
OM,Oman,Al Batinah South Governorate,,,OM-BJ,,ChIJQ4DUt-4rjD4Ryk7yaguCa3o,2021-03-16,-21,-18,-37,,-26,-5
OM,Oman,Al Batinah South Governorate,,,OM-BJ,,ChIJQ4DUt-4rjD4Ryk7yaguCa3o,2021-03-17,-21,-18,-35,,-26,-5
OM,Oman,Al Batinah South Governorate,,,OM-BJ,,ChIJQ4DUt-4rjD4Ryk7yaguCa3o,2021-03-18,-22,-21,-34,,-25,-4
OM,Oman,Al Batinah South Governorate,,,OM-BJ,,ChIJQ4DUt-4rjD4Ryk7yaguCa3o,2021-03-19,-19,-15,-40,,-34,-3
OM,Oman,Al Batinah South Governorate,,,OM-BJ,,ChIJQ4DUt-4rjD4Ryk7yaguCa3o,2021-03-20,-16,-15,-30,,-32,-5
OM,Oman,Al Batinah South Governorate,,,OM-BJ,,ChIJQ4DUt-4rjD4Ryk7yaguCa3o,2021-03-21,-17,-16,-30,,-26,-5
OM,Oman,Al Buraymi Governorate,,,OM-BU,,ChIJ-brPRbPGij4RTGnANgfCmRg,2021-01-01,-25,-21,-36,,-17,
OM,Oman,Al Buraymi Governorate,,,OM-BU,,ChIJ-brPRbPGij4RTGnANgfCmRg,2021-01-02,-24,-14,,,-15,
OM,Oman,Al Buraymi Governorate,,,OM-BU,,ChIJ-brPRbPGij4RTGnANgfCmRg,2021-01-03,-24,-14,,,-13,3
OM,Oman,Al Buraymi Governorate,,,OM-BU,,ChIJ-brPRbPGij4RTGnANgfCmRg,2021-01-04,-28,-22,,,-16,1
OM,Oman,Al Buraymi Governorate,,,OM-BU,,ChIJ-brPRbPGij4RTGnANgfCmRg,2021-01-05,-28,-20,,,-17,1
OM,Oman,Al Buraymi Governorate,,,OM-BU,,ChIJ-brPRbPGij4RTGnANgfCmRg,2021-01-06,-23,-25,,,-16,2
OM,Oman,Al Buraymi Governorate,,,OM-BU,,ChIJ-brPRbPGij4RTGnANgfCmRg,2021-01-07,-22,-20,,,-17,3
OM,Oman,Al Buraymi Governorate,,,OM-BU,,ChIJ-brPRbPGij4RTGnANgfCmRg,2021-01-08,-17,-21,-47,,-17,
OM,Oman,Al Buraymi Governorate,,,OM-BU,,ChIJ-brPRbPGij4RTGnANgfCmRg,2021-01-09,-19,-19,-45,,-17,
OM,Oman,Al Buraymi Governorate,,,OM-BU,,ChIJ-brPRbPGij4RTGnANgfCmRg,2021-01-10,-21,-21,,,-15,0
OM,Oman,Al Buraymi Governorate,,,OM-BU,,ChIJ-brPRbPGij4RTGnANgfCmRg,2021-01-11,-22,-24,,,-19,0
OM,Oman,Al Buraymi Governorate,,,OM-BU,,ChIJ-brPRbPGij4RTGnANgfCmRg,2021-01-12,-25,-25,,,-16,1
OM,Oman,Al Buraymi Governorate,,,OM-BU,,ChIJ-brPRbPGij4RTGnANgfCmRg,2021-01-13,-25,-28,,,-19,-1
OM,Oman,Al Buraymi Governorate,,,OM-BU,,ChIJ-brPRbPGij4RTGnANgfCmRg,2021-01-14,-22,-28,,,-20,-2
OM,Oman,Al Buraymi Governorate,,,OM-BU,,ChIJ-brPRbPGij4RTGnANgfCmRg,2021-01-15,-21,-27,-39,,-24,
OM,Oman,Al Buraymi Governorate,,,OM-BU,,ChIJ-brPRbPGij4RTGnANgfCmRg,2021-01-16,-23,-30,-45,,-22,
OM,Oman,Al Buraymi Governorate,,,OM-BU,,ChIJ-brPRbPGij4RTGnANgfCmRg,2021-01-17,-25,-32,,,-20,-2
OM,Oman,Al Buraymi Governorate,,,OM-BU,,ChIJ-brPRbPGij4RTGnANgfCmRg,2021-01-18,-24,-35,,,-22,-2
OM,Oman,Al Buraymi Governorate,,,OM-BU,,ChIJ-brPRbPGij4RTGnANgfCmRg,2021-01-19,-28,-35,,,-24,-2
OM,Oman,Al Buraymi Governorate,,,OM-BU,,ChIJ-brPRbPGij4RTGnANgfCmRg,2021-01-20,-26,-36,,,-25,-1
OM,Oman,Al Buraymi Governorate,,,OM-BU,,ChIJ-brPRbPGij4RTGnANgfCmRg,2021-01-21,-25,-29,,,-23,0
OM,Oman,Al Buraymi Governorate,,,OM-BU,,ChIJ-brPRbPGij4RTGnANgfCmRg,2021-01-22,-21,-28,-46,,-23,
OM,Oman,Al Buraymi Governorate,,,OM-BU,,ChIJ-brPRbPGij4RTGnANgfCmRg,2021-01-23,-20,-27,-44,,-18,
OM,Oman,Al Buraymi Governorate,,,OM-BU,,ChIJ-brPRbPGij4RTGnANgfCmRg,2021-01-24,-24,-30,,,-20,-1
OM,Oman,Al Buraymi Governorate,,,OM-BU,,ChIJ-brPRbPGij4RTGnANgfCmRg,2021-01-25,-20,-30,,,-21,0
OM,Oman,Al Buraymi Governorate,,,OM-BU,,ChIJ-brPRbPGij4RTGnANgfCmRg,2021-01-26,-26,-32,,,-24,-1
OM,Oman,Al Buraymi Governorate,,,OM-BU,,ChIJ-brPRbPGij4RTGnANgfCmRg,2021-01-27,-23,-28,,,-21,-2
OM,Oman,Al Buraymi Governorate,,,OM-BU,,ChIJ-brPRbPGij4RTGnANgfCmRg,2021-01-28,-19,-24,,,-20,0
OM,Oman,Al Buraymi Governorate,,,OM-BU,,ChIJ-brPRbPGij4RTGnANgfCmRg,2021-01-29,-14,-23,-42,,-22,
OM,Oman,Al Buraymi Governorate,,,OM-BU,,ChIJ-brPRbPGij4RTGnANgfCmRg,2021-01-30,-16,-23,-47,,-21,
OM,Oman,Al Buraymi Governorate,,,OM-BU,,ChIJ-brPRbPGij4RTGnANgfCmRg,2021-01-31,-19,-24,-54,,-22,-3
OM,Oman,Al Buraymi Governorate,,,OM-BU,,ChIJ-brPRbPGij4RTGnANgfCmRg,2021-02-01,-19,-31,,,-23,-4
OM,Oman,Al Buraymi Governorate,,,OM-BU,,ChIJ-brPRbPGij4RTGnANgfCmRg,2021-02-02,-19,-25,,,-24,-4
OM,Oman,Al Buraymi Governorate,,,OM-BU,,ChIJ-brPRbPGij4RTGnANgfCmRg,2021-02-03,-25,-30,,,-22,-2
OM,Oman,Al Buraymi Governorate,,,OM-BU,,ChIJ-brPRbPGij4RTGnANgfCmRg,2021-02-04,-20,-29,,,-23,-1
OM,Oman,Al Buraymi Governorate,,,OM-BU,,ChIJ-brPRbPGij4RTGnANgfCmRg,2021-02-05,-17,-24,-47,,-26,
OM,Oman,Al Buraymi Governorate,,,OM-BU,,ChIJ-brPRbPGij4RTGnANgfCmRg,2021-02-06,-19,-27,-47,,-21,
OM,Oman,Al Buraymi Governorate,,,OM-BU,,ChIJ-brPRbPGij4RTGnANgfCmRg,2021-02-07,-26,-31,,,-19,-3
OM,Oman,Al Buraymi Governorate,,,OM-BU,,ChIJ-brPRbPGij4RTGnANgfCmRg,2021-02-08,-25,-34,,,-23,-3
OM,Oman,Al Buraymi Governorate,,,OM-BU,,ChIJ-brPRbPGij4RTGnANgfCmRg,2021-02-09,-23,-30,,,-25,-3
OM,Oman,Al Buraymi Governorate,,,OM-BU,,ChIJ-brPRbPGij4RTGnANgfCmRg,2021-02-10,-23,-29,,,-22,-4
OM,Oman,Al Buraymi Governorate,,,OM-BU,,ChIJ-brPRbPGij4RTGnANgfCmRg,2021-02-11,-20,-25,,,-24,-1
OM,Oman,Al Buraymi Governorate,,,OM-BU,,ChIJ-brPRbPGij4RTGnANgfCmRg,2021-02-12,-16,-25,-55,,-22,
OM,Oman,Al Buraymi Governorate,,,OM-BU,,ChIJ-brPRbPGij4RTGnANgfCmRg,2021-02-13,-19,-27,-51,,-26,
OM,Oman,Al Buraymi Governorate,,,OM-BU,,ChIJ-brPRbPGij4RTGnANgfCmRg,2021-02-14,-20,-24,,,-20,-2
OM,Oman,Al Buraymi Governorate,,,OM-BU,,ChIJ-brPRbPGij4RTGnANgfCmRg,2021-02-15,-21,-33,,,-23,-3
OM,Oman,Al Buraymi Governorate,,,OM-BU,,ChIJ-brPRbPGij4RTGnANgfCmRg,2021-02-16,-22,-30,,,-22,-3
OM,Oman,Al Buraymi Governorate,,,OM-BU,,ChIJ-brPRbPGij4RTGnANgfCmRg,2021-02-17,-23,-31,,,-24,-2
OM,Oman,Al Buraymi Governorate,,,OM-BU,,ChIJ-brPRbPGij4RTGnANgfCmRg,2021-02-18,-21,-28,,,-24,-1
OM,Oman,Al Buraymi Governorate,,,OM-BU,,ChIJ-brPRbPGij4RTGnANgfCmRg,2021-02-19,-15,-27,-53,,-23,
OM,Oman,Al Buraymi Governorate,,,OM-BU,,ChIJ-brPRbPGij4RTGnANgfCmRg,2021-02-20,-20,-25,-53,,-22,
OM,Oman,Al Buraymi Governorate,,,OM-BU,,ChIJ-brPRbPGij4RTGnANgfCmRg,2021-02-21,-22,-32,,,-20,-3
OM,Oman,Al Buraymi Governorate,,,OM-BU,,ChIJ-brPRbPGij4RTGnANgfCmRg,2021-02-22,-22,-32,,,-24,-2
OM,Oman,Al Buraymi Governorate,,,OM-BU,,ChIJ-brPRbPGij4RTGnANgfCmRg,2021-02-23,-21,-29,,,-23,-2
OM,Oman,Al Buraymi Governorate,,,OM-BU,,ChIJ-brPRbPGij4RTGnANgfCmRg,2021-02-24,-19,-24,,,-21,-2
OM,Oman,Al Buraymi Governorate,,,OM-BU,,ChIJ-brPRbPGij4RTGnANgfCmRg,2021-02-25,-15,-17,,,-22,-3
OM,Oman,Al Buraymi Governorate,,,OM-BU,,ChIJ-brPRbPGij4RTGnANgfCmRg,2021-02-26,-9,-16,-51,,-20,
OM,Oman,Al Buraymi Governorate,,,OM-BU,,ChIJ-brPRbPGij4RTGnANgfCmRg,2021-02-27,-9,-15,-46,,-20,
OM,Oman,Al Buraymi Governorate,,,OM-BU,,ChIJ-brPRbPGij4RTGnANgfCmRg,2021-02-28,-10,-10,,,-22,-2
OM,Oman,Al Buraymi Governorate,,,OM-BU,,ChIJ-brPRbPGij4RTGnANgfCmRg,2021-03-01,-10,-16,,,-26,-3
OM,Oman,Al Buraymi Governorate,,,OM-BU,,ChIJ-brPRbPGij4RTGnANgfCmRg,2021-03-02,-9,-13,,,-27,-3
OM,Oman,Al Buraymi Governorate,,,OM-BU,,ChIJ-brPRbPGij4RTGnANgfCmRg,2021-03-03,-10,-20,,,-28,-3
OM,Oman,Al Buraymi Governorate,,,OM-BU,,ChIJ-brPRbPGij4RTGnANgfCmRg,2021-03-04,-19,-21,,,-25,-1
OM,Oman,Al Buraymi Governorate,,,OM-BU,,ChIJ-brPRbPGij4RTGnANgfCmRg,2021-03-05,-16,-22,-62,,-17,
OM,Oman,Al Buraymi Governorate,,,OM-BU,,ChIJ-brPRbPGij4RTGnANgfCmRg,2021-03-06,-16,-19,-48,,-20,
OM,Oman,Al Buraymi Governorate,,,OM-BU,,ChIJ-brPRbPGij4RTGnANgfCmRg,2021-03-07,-20,-22,,,-19,-3
OM,Oman,Al Buraymi Governorate,,,OM-BU,,ChIJ-brPRbPGij4RTGnANgfCmRg,2021-03-08,-20,-29,,,-24,-3
OM,Oman,Al Buraymi Governorate,,,OM-BU,,ChIJ-brPRbPGij4RTGnANgfCmRg,2021-03-09,-22,-23,,,-23,-3
OM,Oman,Al Buraymi Governorate,,,OM-BU,,ChIJ-brPRbPGij4RTGnANgfCmRg,2021-03-10,-22,-22,,,-24,-3
OM,Oman,Al Buraymi Governorate,,,OM-BU,,ChIJ-brPRbPGij4RTGnANgfCmRg,2021-03-11,-18,-18,,,-39,2
OM,Oman,Al Buraymi Governorate,,,OM-BU,,ChIJ-brPRbPGij4RTGnANgfCmRg,2021-03-12,-14,-19,-55,,-20,
OM,Oman,Al Buraymi Governorate,,,OM-BU,,ChIJ-brPRbPGij4RTGnANgfCmRg,2021-03-13,-18,-24,-51,,-21,
OM,Oman,Al Buraymi Governorate,,,OM-BU,,ChIJ-brPRbPGij4RTGnANgfCmRg,2021-03-14,-22,-23,,,-22,-2
OM,Oman,Al Buraymi Governorate,,,OM-BU,,ChIJ-brPRbPGij4RTGnANgfCmRg,2021-03-15,-23,-25,,,-22,-1
OM,Oman,Al Buraymi Governorate,,,OM-BU,,ChIJ-brPRbPGij4RTGnANgfCmRg,2021-03-16,-24,-25,,,-20,-2
OM,Oman,Al Buraymi Governorate,,,OM-BU,,ChIJ-brPRbPGij4RTGnANgfCmRg,2021-03-17,-23,-25,,,-19,-2
OM,Oman,Al Buraymi Governorate,,,OM-BU,,ChIJ-brPRbPGij4RTGnANgfCmRg,2021-03-18,-20,-20,,,-21,-1
OM,Oman,Al Buraymi Governorate,,,OM-BU,,ChIJ-brPRbPGij4RTGnANgfCmRg,2021-03-19,-16,-20,-58,,-22,
OM,Oman,Al Buraymi Governorate,,,OM-BU,,ChIJ-brPRbPGij4RTGnANgfCmRg,2021-03-20,-19,-19,-57,,-18,
OM,Oman,Al Buraymi Governorate,,,OM-BU,,ChIJ-brPRbPGij4RTGnANgfCmRg,2021-03-21,-20,-20,-58,,-21,-2
OM,Oman,Al Wusta Governorate,,,OM-WU,,ChIJ3Y5zvD9Ggz4Rbi19BHvx5Nw,2021-01-01,,,,,-43,
OM,Oman,Al Wusta Governorate,,,OM-WU,,ChIJ3Y5zvD9Ggz4Rbi19BHvx5Nw,2021-01-02,,,,,-35,
OM,Oman,Al Wusta Governorate,,,OM-WU,,ChIJ3Y5zvD9Ggz4Rbi19BHvx5Nw,2021-01-03,,,,,-31,
OM,Oman,Al Wusta Governorate,,,OM-WU,,ChIJ3Y5zvD9Ggz4Rbi19BHvx5Nw,2021-01-04,,,,,-33,
OM,Oman,Al Wusta Governorate,,,OM-WU,,ChIJ3Y5zvD9Ggz4Rbi19BHvx5Nw,2021-01-05,,,,,-35,
OM,Oman,Al Wusta Governorate,,,OM-WU,,ChIJ3Y5zvD9Ggz4Rbi19BHvx5Nw,2021-01-06,,,,,-33,
OM,Oman,Al Wusta Governorate,,,OM-WU,,ChIJ3Y5zvD9Ggz4Rbi19BHvx5Nw,2021-01-07,,,,,-36,
OM,Oman,Al Wusta Governorate,,,OM-WU,,ChIJ3Y5zvD9Ggz4Rbi19BHvx5Nw,2021-01-08,,,,,-39,
OM,Oman,Al Wusta Governorate,,,OM-WU,,ChIJ3Y5zvD9Ggz4Rbi19BHvx5Nw,2021-01-09,,,,,-33,
OM,Oman,Al Wusta Governorate,,,OM-WU,,ChIJ3Y5zvD9Ggz4Rbi19BHvx5Nw,2021-01-10,,,,,-33,
OM,Oman,Al Wusta Governorate,,,OM-WU,,ChIJ3Y5zvD9Ggz4Rbi19BHvx5Nw,2021-01-11,,,,,-35,
OM,Oman,Al Wusta Governorate,,,OM-WU,,ChIJ3Y5zvD9Ggz4Rbi19BHvx5Nw,2021-01-12,,,,,-33,
OM,Oman,Al Wusta Governorate,,,OM-WU,,ChIJ3Y5zvD9Ggz4Rbi19BHvx5Nw,2021-01-13,,,,,-38,
OM,Oman,Al Wusta Governorate,,,OM-WU,,ChIJ3Y5zvD9Ggz4Rbi19BHvx5Nw,2021-01-14,,,,,-40,
OM,Oman,Al Wusta Governorate,,,OM-WU,,ChIJ3Y5zvD9Ggz4Rbi19BHvx5Nw,2021-01-15,,,,,-50,
OM,Oman,Al Wusta Governorate,,,OM-WU,,ChIJ3Y5zvD9Ggz4Rbi19BHvx5Nw,2021-01-16,,,,,-40,
OM,Oman,Al Wusta Governorate,,,OM-WU,,ChIJ3Y5zvD9Ggz4Rbi19BHvx5Nw,2021-01-17,,,,,-37,
OM,Oman,Al Wusta Governorate,,,OM-WU,,ChIJ3Y5zvD9Ggz4Rbi19BHvx5Nw,2021-01-18,,,,,-34,
OM,Oman,Al Wusta Governorate,,,OM-WU,,ChIJ3Y5zvD9Ggz4Rbi19BHvx5Nw,2021-01-19,,,,,-38,
OM,Oman,Al Wusta Governorate,,,OM-WU,,ChIJ3Y5zvD9Ggz4Rbi19BHvx5Nw,2021-01-20,,,,,-40,
OM,Oman,Al Wusta Governorate,,,OM-WU,,ChIJ3Y5zvD9Ggz4Rbi19BHvx5Nw,2021-01-21,,,,,-39,
OM,Oman,Al Wusta Governorate,,,OM-WU,,ChIJ3Y5zvD9Ggz4Rbi19BHvx5Nw,2021-01-22,,,,,-46,
OM,Oman,Al Wusta Governorate,,,OM-WU,,ChIJ3Y5zvD9Ggz4Rbi19BHvx5Nw,2021-01-23,,,,,-38,
OM,Oman,Al Wusta Governorate,,,OM-WU,,ChIJ3Y5zvD9Ggz4Rbi19BHvx5Nw,2021-01-24,,,,,-33,
OM,Oman,Al Wusta Governorate,,,OM-WU,,ChIJ3Y5zvD9Ggz4Rbi19BHvx5Nw,2021-01-25,,,,,-34,
OM,Oman,Al Wusta Governorate,,,OM-WU,,ChIJ3Y5zvD9Ggz4Rbi19BHvx5Nw,2021-01-26,,,,,-34,
OM,Oman,Al Wusta Governorate,,,OM-WU,,ChIJ3Y5zvD9Ggz4Rbi19BHvx5Nw,2021-01-27,,,,,-36,
OM,Oman,Al Wusta Governorate,,,OM-WU,,ChIJ3Y5zvD9Ggz4Rbi19BHvx5Nw,2021-01-28,,,,,-36,
OM,Oman,Al Wusta Governorate,,,OM-WU,,ChIJ3Y5zvD9Ggz4Rbi19BHvx5Nw,2021-01-29,,,,,-40,
OM,Oman,Al Wusta Governorate,,,OM-WU,,ChIJ3Y5zvD9Ggz4Rbi19BHvx5Nw,2021-01-30,,,,,-38,
OM,Oman,Al Wusta Governorate,,,OM-WU,,ChIJ3Y5zvD9Ggz4Rbi19BHvx5Nw,2021-01-31,,,,,-34,
OM,Oman,Al Wusta Governorate,,,OM-WU,,ChIJ3Y5zvD9Ggz4Rbi19BHvx5Nw,2021-02-01,,,,,-37,
OM,Oman,Al Wusta Governorate,,,OM-WU,,ChIJ3Y5zvD9Ggz4Rbi19BHvx5Nw,2021-02-02,,,,,-36,
OM,Oman,Al Wusta Governorate,,,OM-WU,,ChIJ3Y5zvD9Ggz4Rbi19BHvx5Nw,2021-02-03,,,,,-37,
OM,Oman,Al Wusta Governorate,,,OM-WU,,ChIJ3Y5zvD9Ggz4Rbi19BHvx5Nw,2021-02-04,,,,,-39,
OM,Oman,Al Wusta Governorate,,,OM-WU,,ChIJ3Y5zvD9Ggz4Rbi19BHvx5Nw,2021-02-05,,,,,-47,
OM,Oman,Al Wusta Governorate,,,OM-WU,,ChIJ3Y5zvD9Ggz4Rbi19BHvx5Nw,2021-02-06,,,,,-37,
OM,Oman,Al Wusta Governorate,,,OM-WU,,ChIJ3Y5zvD9Ggz4Rbi19BHvx5Nw,2021-02-07,,,,,-37,
OM,Oman,Al Wusta Governorate,,,OM-WU,,ChIJ3Y5zvD9Ggz4Rbi19BHvx5Nw,2021-02-08,,,,,-37,
OM,Oman,Al Wusta Governorate,,,OM-WU,,ChIJ3Y5zvD9Ggz4Rbi19BHvx5Nw,2021-02-09,,,,,-36,
OM,Oman,Al Wusta Governorate,,,OM-WU,,ChIJ3Y5zvD9Ggz4Rbi19BHvx5Nw,2021-02-10,,,,,-36,
OM,Oman,Al Wusta Governorate,,,OM-WU,,ChIJ3Y5zvD9Ggz4Rbi19BHvx5Nw,2021-02-11,,,,,-38,
OM,Oman,Al Wusta Governorate,,,OM-WU,,ChIJ3Y5zvD9Ggz4Rbi19BHvx5Nw,2021-02-12,,,,,-46,
OM,Oman,Al Wusta Governorate,,,OM-WU,,ChIJ3Y5zvD9Ggz4Rbi19BHvx5Nw,2021-02-13,,,,,-46,
OM,Oman,Al Wusta Governorate,,,OM-WU,,ChIJ3Y5zvD9Ggz4Rbi19BHvx5Nw,2021-02-14,,,,,-42,
OM,Oman,Al Wusta Governorate,,,OM-WU,,ChIJ3Y5zvD9Ggz4Rbi19BHvx5Nw,2021-02-15,,,,,-45,
OM,Oman,Al Wusta Governorate,,,OM-WU,,ChIJ3Y5zvD9Ggz4Rbi19BHvx5Nw,2021-02-16,,,,,-45,
OM,Oman,Al Wusta Governorate,,,OM-WU,,ChIJ3Y5zvD9Ggz4Rbi19BHvx5Nw,2021-02-17,,,,,-43,
OM,Oman,Al Wusta Governorate,,,OM-WU,,ChIJ3Y5zvD9Ggz4Rbi19BHvx5Nw,2021-02-18,,,,,-44,
OM,Oman,Al Wusta Governorate,,,OM-WU,,ChIJ3Y5zvD9Ggz4Rbi19BHvx5Nw,2021-02-19,,,,,-49,
OM,Oman,Al Wusta Governorate,,,OM-WU,,ChIJ3Y5zvD9Ggz4Rbi19BHvx5Nw,2021-02-20,,,,,-46,
OM,Oman,Al Wusta Governorate,,,OM-WU,,ChIJ3Y5zvD9Ggz4Rbi19BHvx5Nw,2021-02-21,,,,,-43,
OM,Oman,Al Wusta Governorate,,,OM-WU,,ChIJ3Y5zvD9Ggz4Rbi19BHvx5Nw,2021-02-22,,,,,-42,
OM,Oman,Al Wusta Governorate,,,OM-WU,,ChIJ3Y5zvD9Ggz4Rbi19BHvx5Nw,2021-02-23,,,,,-43,
OM,Oman,Al Wusta Governorate,,,OM-WU,,ChIJ3Y5zvD9Ggz4Rbi19BHvx5Nw,2021-02-24,,,,,-41,
OM,Oman,Al Wusta Governorate,,,OM-WU,,ChIJ3Y5zvD9Ggz4Rbi19BHvx5Nw,2021-02-25,,,,,-44,
OM,Oman,Al Wusta Governorate,,,OM-WU,,ChIJ3Y5zvD9Ggz4Rbi19BHvx5Nw,2021-02-26,,,,,-46,
OM,Oman,Al Wusta Governorate,,,OM-WU,,ChIJ3Y5zvD9Ggz4Rbi19BHvx5Nw,2021-02-27,,,,,-47,
OM,Oman,Al Wusta Governorate,,,OM-WU,,ChIJ3Y5zvD9Ggz4Rbi19BHvx5Nw,2021-02-28,,,,,-45,
OM,Oman,Al Wusta Governorate,,,OM-WU,,ChIJ3Y5zvD9Ggz4Rbi19BHvx5Nw,2021-03-01,,,,,-45,
OM,Oman,Al Wusta Governorate,,,OM-WU,,ChIJ3Y5zvD9Ggz4Rbi19BHvx5Nw,2021-03-02,,,,,-46,
OM,Oman,Al Wusta Governorate,,,OM-WU,,ChIJ3Y5zvD9Ggz4Rbi19BHvx5Nw,2021-03-03,,,,,-49,
OM,Oman,Al Wusta Governorate,,,OM-WU,,ChIJ3Y5zvD9Ggz4Rbi19BHvx5Nw,2021-03-04,,,,,-50,
OM,Oman,Al Wusta Governorate,,,OM-WU,,ChIJ3Y5zvD9Ggz4Rbi19BHvx5Nw,2021-03-05,,,,,-46,
OM,Oman,Al Wusta Governorate,,,OM-WU,,ChIJ3Y5zvD9Ggz4Rbi19BHvx5Nw,2021-03-06,,,,,-48,
OM,Oman,Al Wusta Governorate,,,OM-WU,,ChIJ3Y5zvD9Ggz4Rbi19BHvx5Nw,2021-03-07,,,,,-43,
OM,Oman,Al Wusta Governorate,,,OM-WU,,ChIJ3Y5zvD9Ggz4Rbi19BHvx5Nw,2021-03-08,,,,,-45,
OM,Oman,Al Wusta Governorate,,,OM-WU,,ChIJ3Y5zvD9Ggz4Rbi19BHvx5Nw,2021-03-09,,,,,-46,
OM,Oman,Al Wusta Governorate,,,OM-WU,,ChIJ3Y5zvD9Ggz4Rbi19BHvx5Nw,2021-03-10,,,,,-47,
OM,Oman,Al Wusta Governorate,,,OM-WU,,ChIJ3Y5zvD9Ggz4Rbi19BHvx5Nw,2021-03-11,,,,,-54,
OM,Oman,Al Wusta Governorate,,,OM-WU,,ChIJ3Y5zvD9Ggz4Rbi19BHvx5Nw,2021-03-12,,,,,-47,
OM,Oman,Al Wusta Governorate,,,OM-WU,,ChIJ3Y5zvD9Ggz4Rbi19BHvx5Nw,2021-03-13,,,,,-45,
OM,Oman,Al Wusta Governorate,,,OM-WU,,ChIJ3Y5zvD9Ggz4Rbi19BHvx5Nw,2021-03-14,,,,,-42,
OM,Oman,Al Wusta Governorate,,,OM-WU,,ChIJ3Y5zvD9Ggz4Rbi19BHvx5Nw,2021-03-15,,,,,-46,
OM,Oman,Al Wusta Governorate,,,OM-WU,,ChIJ3Y5zvD9Ggz4Rbi19BHvx5Nw,2021-03-16,,,,,-43,
OM,Oman,Al Wusta Governorate,,,OM-WU,,ChIJ3Y5zvD9Ggz4Rbi19BHvx5Nw,2021-03-17,,,,,-44,
OM,Oman,Al Wusta Governorate,,,OM-WU,,ChIJ3Y5zvD9Ggz4Rbi19BHvx5Nw,2021-03-18,,,,,-44,
OM,Oman,Al Wusta Governorate,,,OM-WU,,ChIJ3Y5zvD9Ggz4Rbi19BHvx5Nw,2021-03-19,,,,,-48,
OM,Oman,Al Wusta Governorate,,,OM-WU,,ChIJ3Y5zvD9Ggz4Rbi19BHvx5Nw,2021-03-20,,,,,-44,
OM,Oman,Al Wusta Governorate,,,OM-WU,,ChIJ3Y5zvD9Ggz4Rbi19BHvx5Nw,2021-03-21,,,,,-41,
OM,Oman,Ash Sharqiyah North Governorate,,,OM-SS,,ChIJ177_yJyinD4RuQbz4c2dlEg,2021-01-01,-18,-11,-22,,-27,
OM,Oman,Ash Sharqiyah North Governorate,,,OM-SS,,ChIJ177_yJyinD4RuQbz4c2dlEg,2021-01-02,-17,1,-30,,-25,
OM,Oman,Ash Sharqiyah North Governorate,,,OM-SS,,ChIJ177_yJyinD4RuQbz4c2dlEg,2021-01-03,-22,-16,-33,,-19,4
OM,Oman,Ash Sharqiyah North Governorate,,,OM-SS,,ChIJ177_yJyinD4RuQbz4c2dlEg,2021-01-04,-22,-21,-38,,-19,4
OM,Oman,Ash Sharqiyah North Governorate,,,OM-SS,,ChIJ177_yJyinD4RuQbz4c2dlEg,2021-01-05,-24,-4,-39,,-20,3
OM,Oman,Ash Sharqiyah North Governorate,,,OM-SS,,ChIJ177_yJyinD4RuQbz4c2dlEg,2021-01-06,-24,-16,-38,,-20,4
OM,Oman,Ash Sharqiyah North Governorate,,,OM-SS,,ChIJ177_yJyinD4RuQbz4c2dlEg,2021-01-07,-21,-13,-31,,-20,4
OM,Oman,Ash Sharqiyah North Governorate,,,OM-SS,,ChIJ177_yJyinD4RuQbz4c2dlEg,2021-01-08,-16,-6,-26,,-29,
OM,Oman,Ash Sharqiyah North Governorate,,,OM-SS,,ChIJ177_yJyinD4RuQbz4c2dlEg,2021-01-09,-15,-3,-32,,-28,
OM,Oman,Ash Sharqiyah North Governorate,,,OM-SS,,ChIJ177_yJyinD4RuQbz4c2dlEg,2021-01-10,-20,-13,-31,,-24,0
OM,Oman,Ash Sharqiyah North Governorate,,,OM-SS,,ChIJ177_yJyinD4RuQbz4c2dlEg,2021-01-11,-20,-20,-35,,-26,1
OM,Oman,Ash Sharqiyah North Governorate,,,OM-SS,,ChIJ177_yJyinD4RuQbz4c2dlEg,2021-01-12,-22,-9,-42,,-25,1
OM,Oman,Ash Sharqiyah North Governorate,,,OM-SS,,ChIJ177_yJyinD4RuQbz4c2dlEg,2021-01-13,-27,-26,-37,,-24,-1
OM,Oman,Ash Sharqiyah North Governorate,,,OM-SS,,ChIJ177_yJyinD4RuQbz4c2dlEg,2021-01-14,-26,-25,-35,,-24,-1
OM,Oman,Ash Sharqiyah North Governorate,,,OM-SS,,ChIJ177_yJyinD4RuQbz4c2dlEg,2021-01-15,-24,-25,-29,,-33,
OM,Oman,Ash Sharqiyah North Governorate,,,OM-SS,,ChIJ177_yJyinD4RuQbz4c2dlEg,2021-01-16,-23,-8,-30,,-32,
OM,Oman,Ash Sharqiyah North Governorate,,,OM-SS,,ChIJ177_yJyinD4RuQbz4c2dlEg,2021-01-17,-29,-26,-40,,-24,-2
OM,Oman,Ash Sharqiyah North Governorate,,,OM-SS,,ChIJ177_yJyinD4RuQbz4c2dlEg,2021-01-18,-28,-22,-42,,-24,-1
OM,Oman,Ash Sharqiyah North Governorate,,,OM-SS,,ChIJ177_yJyinD4RuQbz4c2dlEg,2021-01-19,-28,-21,-42,,-26,-2
OM,Oman,Ash Sharqiyah North Governorate,,,OM-SS,,ChIJ177_yJyinD4RuQbz4c2dlEg,2021-01-20,-29,-35,-40,,-24,0
OM,Oman,Ash Sharqiyah North Governorate,,,OM-SS,,ChIJ177_yJyinD4RuQbz4c2dlEg,2021-01-21,-24,-20,-34,,-24,0
OM,Oman,Ash Sharqiyah North Governorate,,,OM-SS,,ChIJ177_yJyinD4RuQbz4c2dlEg,2021-01-22,-21,-13,-19,,-34,
OM,Oman,Ash Sharqiyah North Governorate,,,OM-SS,,ChIJ177_yJyinD4RuQbz4c2dlEg,2021-01-23,-18,-1,-25,,-33,
OM,Oman,Ash Sharqiyah North Governorate,,,OM-SS,,ChIJ177_yJyinD4RuQbz4c2dlEg,2021-01-24,-24,-15,-34,,-22,-3
OM,Oman,Ash Sharqiyah North Governorate,,,OM-SS,,ChIJ177_yJyinD4RuQbz4c2dlEg,2021-01-25,-23,-13,-40,,-24,-1
OM,Oman,Ash Sharqiyah North Governorate,,,OM-SS,,ChIJ177_yJyinD4RuQbz4c2dlEg,2021-01-26,-25,-13,-37,,-23,-1
OM,Oman,Ash Sharqiyah North Governorate,,,OM-SS,,ChIJ177_yJyinD4RuQbz4c2dlEg,2021-01-27,-25,-15,-40,,-24,-1
OM,Oman,Ash Sharqiyah North Governorate,,,OM-SS,,ChIJ177_yJyinD4RuQbz4c2dlEg,2021-01-28,-24,-13,-33,,-21,0
OM,Oman,Ash Sharqiyah North Governorate,,,OM-SS,,ChIJ177_yJyinD4RuQbz4c2dlEg,2021-01-29,-21,-8,-23,,-34,
OM,Oman,Ash Sharqiyah North Governorate,,,OM-SS,,ChIJ177_yJyinD4RuQbz4c2dlEg,2021-01-30,-20,-1,-36,,-35,
OM,Oman,Ash Sharqiyah North Governorate,,,OM-SS,,ChIJ177_yJyinD4RuQbz4c2dlEg,2021-01-31,-25,-14,-41,,-21,-4
OM,Oman,Ash Sharqiyah North Governorate,,,OM-SS,,ChIJ177_yJyinD4RuQbz4c2dlEg,2021-02-01,-23,-17,-41,,-26,-2
OM,Oman,Ash Sharqiyah North Governorate,,,OM-SS,,ChIJ177_yJyinD4RuQbz4c2dlEg,2021-02-02,-26,-19,-39,,-27,-3
OM,Oman,Ash Sharqiyah North Governorate,,,OM-SS,,ChIJ177_yJyinD4RuQbz4c2dlEg,2021-02-03,-31,-20,-41,,-25,-1
OM,Oman,Ash Sharqiyah North Governorate,,,OM-SS,,ChIJ177_yJyinD4RuQbz4c2dlEg,2021-02-04,-28,-20,-31,,-26,-2
OM,Oman,Ash Sharqiyah North Governorate,,,OM-SS,,ChIJ177_yJyinD4RuQbz4c2dlEg,2021-02-05,-25,-19,-29,,-38,
OM,Oman,Ash Sharqiyah North Governorate,,,OM-SS,,ChIJ177_yJyinD4RuQbz4c2dlEg,2021-02-06,-25,-8,-31,,-36,
OM,Oman,Ash Sharqiyah North Governorate,,,OM-SS,,ChIJ177_yJyinD4RuQbz4c2dlEg,2021-02-07,-29,-15,-36,,-21,-4
OM,Oman,Ash Sharqiyah North Governorate,,,OM-SS,,ChIJ177_yJyinD4RuQbz4c2dlEg,2021-02-08,-29,-18,-40,,-27,-2
OM,Oman,Ash Sharqiyah North Governorate,,,OM-SS,,ChIJ177_yJyinD4RuQbz4c2dlEg,2021-02-09,-28,-10,-41,,-26,-4
OM,Oman,Ash Sharqiyah North Governorate,,,OM-SS,,ChIJ177_yJyinD4RuQbz4c2dlEg,2021-02-10,-29,-21,-41,,-25,-3
OM,Oman,Ash Sharqiyah North Governorate,,,OM-SS,,ChIJ177_yJyinD4RuQbz4c2dlEg,2021-02-11,-29,-21,-40,,-26,-2
OM,Oman,Ash Sharqiyah North Governorate,,,OM-SS,,ChIJ177_yJyinD4RuQbz4c2dlEg,2021-02-12,-45,-30,-49,,-41,
OM,Oman,Ash Sharqiyah North Governorate,,,OM-SS,,ChIJ177_yJyinD4RuQbz4c2dlEg,2021-02-13,-37,-16,-45,,-39,
OM,Oman,Ash Sharqiyah North Governorate,,,OM-SS,,ChIJ177_yJyinD4RuQbz4c2dlEg,2021-02-14,-35,-28,-44,,-27,-4
OM,Oman,Ash Sharqiyah North Governorate,,,OM-SS,,ChIJ177_yJyinD4RuQbz4c2dlEg,2021-02-15,-35,-23,-52,,-29,-1
OM,Oman,Ash Sharqiyah North Governorate,,,OM-SS,,ChIJ177_yJyinD4RuQbz4c2dlEg,2021-02-16,-39,-20,-46,,-28,-2
OM,Oman,Ash Sharqiyah North Governorate,,,OM-SS,,ChIJ177_yJyinD4RuQbz4c2dlEg,2021-02-17,-39,-27,-51,,-27,-1
OM,Oman,Ash Sharqiyah North Governorate,,,OM-SS,,ChIJ177_yJyinD4RuQbz4c2dlEg,2021-02-18,-41,-28,-47,,-28,-1
OM,Oman,Ash Sharqiyah North Governorate,,,OM-SS,,ChIJ177_yJyinD4RuQbz4c2dlEg,2021-02-19,-40,-19,-51,,-39,
OM,Oman,Ash Sharqiyah North Governorate,,,OM-SS,,ChIJ177_yJyinD4RuQbz4c2dlEg,2021-02-20,-33,-12,-43,,-38,
OM,Oman,Ash Sharqiyah North Governorate,,,OM-SS,,ChIJ177_yJyinD4RuQbz4c2dlEg,2021-02-21,-35,-26,-46,,-25,-3
OM,Oman,Ash Sharqiyah North Governorate,,,OM-SS,,ChIJ177_yJyinD4RuQbz4c2dlEg,2021-02-22,-37,-23,-49,,-29,-2
OM,Oman,Ash Sharqiyah North Governorate,,,OM-SS,,ChIJ177_yJyinD4RuQbz4c2dlEg,2021-02-23,-32,-13,-42,,-28,-5
OM,Oman,Ash Sharqiyah North Governorate,,,OM-SS,,ChIJ177_yJyinD4RuQbz4c2dlEg,2021-02-24,-33,-15,-42,,-27,-3
OM,Oman,Ash Sharqiyah North Governorate,,,OM-SS,,ChIJ177_yJyinD4RuQbz4c2dlEg,2021-02-25,-32,-18,-42,,-27,-3
OM,Oman,Ash Sharqiyah North Governorate,,,OM-SS,,ChIJ177_yJyinD4RuQbz4c2dlEg,2021-02-26,-31,-8,-44,,-38,
OM,Oman,Ash Sharqiyah North Governorate,,,OM-SS,,ChIJ177_yJyinD4RuQbz4c2dlEg,2021-02-27,-26,2,-42,,-37,
OM,Oman,Ash Sharqiyah North Governorate,,,OM-SS,,ChIJ177_yJyinD4RuQbz4c2dlEg,2021-02-28,-26,-12,-37,,-36,-6
OM,Oman,Ash Sharqiyah North Governorate,,,OM-SS,,ChIJ177_yJyinD4RuQbz4c2dlEg,2021-03-01,-28,-10,-45,,-37,-3
OM,Oman,Ash Sharqiyah North Governorate,,,OM-SS,,ChIJ177_yJyinD4RuQbz4c2dlEg,2021-03-02,-29,-8,-43,,-39,-4
OM,Oman,Ash Sharqiyah North Governorate,,,OM-SS,,ChIJ177_yJyinD4RuQbz4c2dlEg,2021-03-03,-31,-15,-41,,-40,-4
OM,Oman,Ash Sharqiyah North Governorate,,,OM-SS,,ChIJ177_yJyinD4RuQbz4c2dlEg,2021-03-04,-27,-9,-43,,-37,-3
OM,Oman,Ash Sharqiyah North Governorate,,,OM-SS,,ChIJ177_yJyinD4RuQbz4c2dlEg,2021-03-05,-28,-5,-45,,-36,
OM,Oman,Ash Sharqiyah North Governorate,,,OM-SS,,ChIJ177_yJyinD4RuQbz4c2dlEg,2021-03-06,-20,4,-41,,-36,
OM,Oman,Ash Sharqiyah North Governorate,,,OM-SS,,ChIJ177_yJyinD4RuQbz4c2dlEg,2021-03-07,-26,-6,-44,,-29,-5
OM,Oman,Ash Sharqiyah North Governorate,,,OM-SS,,ChIJ177_yJyinD4RuQbz4c2dlEg,2021-03-08,-28,-12,-52,,-32,-2
OM,Oman,Ash Sharqiyah North Governorate,,,OM-SS,,ChIJ177_yJyinD4RuQbz4c2dlEg,2021-03-09,-28,-7,-49,,-31,-4
OM,Oman,Ash Sharqiyah North Governorate,,,OM-SS,,ChIJ177_yJyinD4RuQbz4c2dlEg,2021-03-10,-23,-9,-34,,-33,-5
OM,Oman,Ash Sharqiyah North Governorate,,,OM-SS,,ChIJ177_yJyinD4RuQbz4c2dlEg,2021-03-11,-24,-7,-31,,-57,1
OM,Oman,Ash Sharqiyah North Governorate,,,OM-SS,,ChIJ177_yJyinD4RuQbz4c2dlEg,2021-03-12,-28,-8,-40,,-39,
OM,Oman,Ash Sharqiyah North Governorate,,,OM-SS,,ChIJ177_yJyinD4RuQbz4c2dlEg,2021-03-13,-21,-3,-39,,-39,
OM,Oman,Ash Sharqiyah North Governorate,,,OM-SS,,ChIJ177_yJyinD4RuQbz4c2dlEg,2021-03-14,-25,-12,-45,,-27,-4
OM,Oman,Ash Sharqiyah North Governorate,,,OM-SS,,ChIJ177_yJyinD4RuQbz4c2dlEg,2021-03-15,-28,-11,-48,,-30,-2
OM,Oman,Ash Sharqiyah North Governorate,,,OM-SS,,ChIJ177_yJyinD4RuQbz4c2dlEg,2021-03-16,-29,-10,-47,,-29,-3
OM,Oman,Ash Sharqiyah North Governorate,,,OM-SS,,ChIJ177_yJyinD4RuQbz4c2dlEg,2021-03-17,-30,-18,-46,,-27,-1
OM,Oman,Ash Sharqiyah North Governorate,,,OM-SS,,ChIJ177_yJyinD4RuQbz4c2dlEg,2021-03-18,-29,-18,-43,,-27,-1
OM,Oman,Ash Sharqiyah North Governorate,,,OM-SS,,ChIJ177_yJyinD4RuQbz4c2dlEg,2021-03-19,-27,-7,-47,,-35,
OM,Oman,Ash Sharqiyah North Governorate,,,OM-SS,,ChIJ177_yJyinD4RuQbz4c2dlEg,2021-03-20,-21,1,-42,,-37,
OM,Oman,Ash Sharqiyah North Governorate,,,OM-SS,,ChIJ177_yJyinD4RuQbz4c2dlEg,2021-03-21,-25,-6,-45,,-31,-3
OM,Oman,Ash Sharqiyah South Governorate,,,OM-SJ,,ChIJT7UXoH8Lmz4RJhpjUdtTxLU,2021-01-01,-21,9,-19,,-22,
OM,Oman,Ash Sharqiyah South Governorate,,,OM-SJ,,ChIJT7UXoH8Lmz4RJhpjUdtTxLU,2021-01-02,-22,2,-17,,-20,1
OM,Oman,Ash Sharqiyah South Governorate,,,OM-SJ,,ChIJT7UXoH8Lmz4RJhpjUdtTxLU,2021-01-03,-22,9,-20,,-18,3
OM,Oman,Ash Sharqiyah South Governorate,,,OM-SJ,,ChIJT7UXoH8Lmz4RJhpjUdtTxLU,2021-01-04,-21,1,-23,,-19,1
OM,Oman,Ash Sharqiyah South Governorate,,,OM-SJ,,ChIJT7UXoH8Lmz4RJhpjUdtTxLU,2021-01-05,-21,3,-19,,-22,1
OM,Oman,Ash Sharqiyah South Governorate,,,OM-SJ,,ChIJT7UXoH8Lmz4RJhpjUdtTxLU,2021-01-06,-24,-1,-17,,-22,2
OM,Oman,Ash Sharqiyah South Governorate,,,OM-SJ,,ChIJT7UXoH8Lmz4RJhpjUdtTxLU,2021-01-07,-22,1,-18,,-19,3
OM,Oman,Ash Sharqiyah South Governorate,,,OM-SJ,,ChIJT7UXoH8Lmz4RJhpjUdtTxLU,2021-01-08,-25,11,-23,,-24,
OM,Oman,Ash Sharqiyah South Governorate,,,OM-SJ,,ChIJT7UXoH8Lmz4RJhpjUdtTxLU,2021-01-09,-22,2,-24,,-24,0
OM,Oman,Ash Sharqiyah South Governorate,,,OM-SJ,,ChIJT7UXoH8Lmz4RJhpjUdtTxLU,2021-01-10,-23,10,-26,,-20,0
OM,Oman,Ash Sharqiyah South Governorate,,,OM-SJ,,ChIJT7UXoH8Lmz4RJhpjUdtTxLU,2021-01-11,-20,5,-29,,-21,0
OM,Oman,Ash Sharqiyah South Governorate,,,OM-SJ,,ChIJT7UXoH8Lmz4RJhpjUdtTxLU,2021-01-12,-22,0,-23,,-24,-1
OM,Oman,Ash Sharqiyah South Governorate,,,OM-SJ,,ChIJT7UXoH8Lmz4RJhpjUdtTxLU,2021-01-13,-26,-5,-25,,-23,-3
OM,Oman,Ash Sharqiyah South Governorate,,,OM-SJ,,ChIJT7UXoH8Lmz4RJhpjUdtTxLU,2021-01-14,-29,-4,-20,,-28,-3
OM,Oman,Ash Sharqiyah South Governorate,,,OM-SJ,,ChIJT7UXoH8Lmz4RJhpjUdtTxLU,2021-01-15,-31,-6,-30,,-32,
OM,Oman,Ash Sharqiyah South Governorate,,,OM-SJ,,ChIJT7UXoH8Lmz4RJhpjUdtTxLU,2021-01-16,-32,-7,-25,,-29,-3
OM,Oman,Ash Sharqiyah South Governorate,,,OM-SJ,,ChIJT7UXoH8Lmz4RJhpjUdtTxLU,2021-01-17,-32,-3,-32,,-26,-3
OM,Oman,Ash Sharqiyah South Governorate,,,OM-SJ,,ChIJT7UXoH8Lmz4RJhpjUdtTxLU,2021-01-18,-30,-6,-33,,-26,-4
OM,Oman,Ash Sharqiyah South Governorate,,,OM-SJ,,ChIJT7UXoH8Lmz4RJhpjUdtTxLU,2021-01-19,-32,-9,-31,,-28,-3
OM,Oman,Ash Sharqiyah South Governorate,,,OM-SJ,,ChIJT7UXoH8Lmz4RJhpjUdtTxLU,2021-01-20,-32,-9,-30,,-25,-3
OM,Oman,Ash Sharqiyah South Governorate,,,OM-SJ,,ChIJT7UXoH8Lmz4RJhpjUdtTxLU,2021-01-21,-27,-2,-24,,-25,-2
OM,Oman,Ash Sharqiyah South Governorate,,,OM-SJ,,ChIJT7UXoH8Lmz4RJhpjUdtTxLU,2021-01-22,-26,6,-25,,-32,
OM,Oman,Ash Sharqiyah South Governorate,,,OM-SJ,,ChIJT7UXoH8Lmz4RJhpjUdtTxLU,2021-01-23,-26,4,-25,,-30,-4
OM,Oman,Ash Sharqiyah South Governorate,,,OM-SJ,,ChIJT7UXoH8Lmz4RJhpjUdtTxLU,2021-01-24,-27,3,-29,,-23,-3
OM,Oman,Ash Sharqiyah South Governorate,,,OM-SJ,,ChIJT7UXoH8Lmz4RJhpjUdtTxLU,2021-01-25,-25,1,-23,,-24,-4
OM,Oman,Ash Sharqiyah South Governorate,,,OM-SJ,,ChIJT7UXoH8Lmz4RJhpjUdtTxLU,2021-01-26,-26,-1,-22,,-27,-5
OM,Oman,Ash Sharqiyah South Governorate,,,OM-SJ,,ChIJT7UXoH8Lmz4RJhpjUdtTxLU,2021-01-27,-28,-3,-18,,-25,-3
OM,Oman,Ash Sharqiyah South Governorate,,,OM-SJ,,ChIJT7UXoH8Lmz4RJhpjUdtTxLU,2021-01-28,-25,3,-25,,-24,-3
OM,Oman,Ash Sharqiyah South Governorate,,,OM-SJ,,ChIJT7UXoH8Lmz4RJhpjUdtTxLU,2021-01-29,-25,6,-20,,-32,
OM,Oman,Ash Sharqiyah South Governorate,,,OM-SJ,,ChIJT7UXoH8Lmz4RJhpjUdtTxLU,2021-01-30,-24,7,-22,,-28,-5
OM,Oman,Ash Sharqiyah South Governorate,,,OM-SJ,,ChIJT7UXoH8Lmz4RJhpjUdtTxLU,2021-01-31,-26,11,-27,,-21,-6
OM,Oman,Ash Sharqiyah South Governorate,,,OM-SJ,,ChIJT7UXoH8Lmz4RJhpjUdtTxLU,2021-02-01,-26,4,-26,,-22,-5
OM,Oman,Ash Sharqiyah South Governorate,,,OM-SJ,,ChIJT7UXoH8Lmz4RJhpjUdtTxLU,2021-02-02,-24,5,-22,,-24,-6
OM,Oman,Ash Sharqiyah South Governorate,,,OM-SJ,,ChIJT7UXoH8Lmz4RJhpjUdtTxLU,2021-02-03,-29,-6,-21,,-25,-5
OM,Oman,Ash Sharqiyah South Governorate,,,OM-SJ,,ChIJT7UXoH8Lmz4RJhpjUdtTxLU,2021-02-04,-28,-6,-19,,-26,-4
OM,Oman,Ash Sharqiyah South Governorate,,,OM-SJ,,ChIJT7UXoH8Lmz4RJhpjUdtTxLU,2021-02-05,-30,1,-19,,-31,
OM,Oman,Ash Sharqiyah South Governorate,,,OM-SJ,,ChIJT7UXoH8Lmz4RJhpjUdtTxLU,2021-02-06,-26,-6,-15,,-29,-4
OM,Oman,Ash Sharqiyah South Governorate,,,OM-SJ,,ChIJT7UXoH8Lmz4RJhpjUdtTxLU,2021-02-07,-30,3,-22,,-20,-4
OM,Oman,Ash Sharqiyah South Governorate,,,OM-SJ,,ChIJT7UXoH8Lmz4RJhpjUdtTxLU,2021-02-08,-28,-5,-23,,-24,-5
OM,Oman,Ash Sharqiyah South Governorate,,,OM-SJ,,ChIJT7UXoH8Lmz4RJhpjUdtTxLU,2021-02-09,-26,0,-20,,-25,-4
OM,Oman,Ash Sharqiyah South Governorate,,,OM-SJ,,ChIJT7UXoH8Lmz4RJhpjUdtTxLU,2021-02-10,-28,-2,-20,,-23,-5
OM,Oman,Ash Sharqiyah South Governorate,,,OM-SJ,,ChIJT7UXoH8Lmz4RJhpjUdtTxLU,2021-02-11,-28,-4,-28,,-26,-4
OM,Oman,Ash Sharqiyah South Governorate,,,OM-SJ,,ChIJT7UXoH8Lmz4RJhpjUdtTxLU,2021-02-12,-31,0,-39,,-33,
OM,Oman,Ash Sharqiyah South Governorate,,,OM-SJ,,ChIJT7UXoH8Lmz4RJhpjUdtTxLU,2021-02-13,-28,-5,-34,,-33,-6
OM,Oman,Ash Sharqiyah South Governorate,,,OM-SJ,,ChIJT7UXoH8Lmz4RJhpjUdtTxLU,2021-02-14,-31,1,-40,,-25,-5
OM,Oman,Ash Sharqiyah South Governorate,,,OM-SJ,,ChIJT7UXoH8Lmz4RJhpjUdtTxLU,2021-02-15,-30,-6,-39,,-27,-7
OM,Oman,Ash Sharqiyah South Governorate,,,OM-SJ,,ChIJT7UXoH8Lmz4RJhpjUdtTxLU,2021-02-16,-27,-3,-40,,-29,-7
OM,Oman,Ash Sharqiyah South Governorate,,,OM-SJ,,ChIJT7UXoH8Lmz4RJhpjUdtTxLU,2021-02-17,-29,-8,-35,,-28,-6
OM,Oman,Ash Sharqiyah South Governorate,,,OM-SJ,,ChIJT7UXoH8Lmz4RJhpjUdtTxLU,2021-02-18,-29,-5,-34,,-25,-5
OM,Oman,Ash Sharqiyah South Governorate,,,OM-SJ,,ChIJT7UXoH8Lmz4RJhpjUdtTxLU,2021-02-19,-31,-1,-36,,-32,
OM,Oman,Ash Sharqiyah South Governorate,,,OM-SJ,,ChIJT7UXoH8Lmz4RJhpjUdtTxLU,2021-02-20,-29,-4,-34,,-30,-5
OM,Oman,Ash Sharqiyah South Governorate,,,OM-SJ,,ChIJT7UXoH8Lmz4RJhpjUdtTxLU,2021-02-21,-30,3,-37,,-25,-6
OM,Oman,Ash Sharqiyah South Governorate,,,OM-SJ,,ChIJT7UXoH8Lmz4RJhpjUdtTxLU,2021-02-22,-26,-5,-37,,-28,-6
OM,Oman,Ash Sharqiyah South Governorate,,,OM-SJ,,ChIJT7UXoH8Lmz4RJhpjUdtTxLU,2021-02-23,-20,8,-33,,-29,-8
OM,Oman,Ash Sharqiyah South Governorate,,,OM-SJ,,ChIJT7UXoH8Lmz4RJhpjUdtTxLU,2021-02-24,-22,4,-33,,-26,-7
OM,Oman,Ash Sharqiyah South Governorate,,,OM-SJ,,ChIJT7UXoH8Lmz4RJhpjUdtTxLU,2021-02-25,-21,9,-28,,-29,-7
OM,Oman,Ash Sharqiyah South Governorate,,,OM-SJ,,ChIJT7UXoH8Lmz4RJhpjUdtTxLU,2021-02-26,-21,14,-33,,-28,
OM,Oman,Ash Sharqiyah South Governorate,,,OM-SJ,,ChIJT7UXoH8Lmz4RJhpjUdtTxLU,2021-02-27,-19,8,-25,,-28,-8
OM,Oman,Ash Sharqiyah South Governorate,,,OM-SJ,,ChIJT7UXoH8Lmz4RJhpjUdtTxLU,2021-02-28,-20,14,-27,,-32,-7
OM,Oman,Ash Sharqiyah South Governorate,,,OM-SJ,,ChIJT7UXoH8Lmz4RJhpjUdtTxLU,2021-03-01,-19,10,-30,,-34,-8
OM,Oman,Ash Sharqiyah South Governorate,,,OM-SJ,,ChIJT7UXoH8Lmz4RJhpjUdtTxLU,2021-03-02,-17,9,-27,,-36,-8
OM,Oman,Ash Sharqiyah South Governorate,,,OM-SJ,,ChIJT7UXoH8Lmz4RJhpjUdtTxLU,2021-03-03,-18,12,-24,,-37,-6
OM,Oman,Ash Sharqiyah South Governorate,,,OM-SJ,,ChIJT7UXoH8Lmz4RJhpjUdtTxLU,2021-03-04,-33,-5,-31,,-38,-4
OM,Oman,Ash Sharqiyah South Governorate,,,OM-SJ,,ChIJT7UXoH8Lmz4RJhpjUdtTxLU,2021-03-05,-34,2,-36,,-32,
OM,Oman,Ash Sharqiyah South Governorate,,,OM-SJ,,ChIJT7UXoH8Lmz4RJhpjUdtTxLU,2021-03-06,-30,0,-29,,-29,-5
OM,Oman,Ash Sharqiyah South Governorate,,,OM-SJ,,ChIJT7UXoH8Lmz4RJhpjUdtTxLU,2021-03-07,-30,6,-33,,-27,-6
OM,Oman,Ash Sharqiyah South Governorate,,,OM-SJ,,ChIJT7UXoH8Lmz4RJhpjUdtTxLU,2021-03-08,-29,-2,-32,,-29,-6
OM,Oman,Ash Sharqiyah South Governorate,,,OM-SJ,,ChIJT7UXoH8Lmz4RJhpjUdtTxLU,2021-03-09,-28,1,-33,,-31,-7
OM,Oman,Ash Sharqiyah South Governorate,,,OM-SJ,,ChIJT7UXoH8Lmz4RJhpjUdtTxLU,2021-03-10,-27,5,-25,,-28,-7
OM,Oman,Ash Sharqiyah South Governorate,,,OM-SJ,,ChIJT7UXoH8Lmz4RJhpjUdtTxLU,2021-03-11,-28,4,-20,,-50,-2
OM,Oman,Ash Sharqiyah South Governorate,,,OM-SJ,,ChIJT7UXoH8Lmz4RJhpjUdtTxLU,2021-03-12,-30,3,-33,,-32,
OM,Oman,Ash Sharqiyah South Governorate,,,OM-SJ,,ChIJT7UXoH8Lmz4RJhpjUdtTxLU,2021-03-13,-29,-2,-31,,-28,-6
OM,Oman,Ash Sharqiyah South Governorate,,,OM-SJ,,ChIJT7UXoH8Lmz4RJhpjUdtTxLU,2021-03-14,-31,3,-33,,-25,-6
OM,Oman,Ash Sharqiyah South Governorate,,,OM-SJ,,ChIJT7UXoH8Lmz4RJhpjUdtTxLU,2021-03-15,-30,-1,-34,,-29,-6
OM,Oman,Ash Sharqiyah South Governorate,,,OM-SJ,,ChIJT7UXoH8Lmz4RJhpjUdtTxLU,2021-03-16,-29,0,-29,,-29,-6
OM,Oman,Ash Sharqiyah South Governorate,,,OM-SJ,,ChIJT7UXoH8Lmz4RJhpjUdtTxLU,2021-03-17,-30,-1,-28,,-29,-5
OM,Oman,Ash Sharqiyah South Governorate,,,OM-SJ,,ChIJT7UXoH8Lmz4RJhpjUdtTxLU,2021-03-18,-30,-2,-30,,-29,-5
OM,Oman,Ash Sharqiyah South Governorate,,,OM-SJ,,ChIJT7UXoH8Lmz4RJhpjUdtTxLU,2021-03-19,-31,4,-35,,-31,
OM,Oman,Ash Sharqiyah South Governorate,,,OM-SJ,,ChIJT7UXoH8Lmz4RJhpjUdtTxLU,2021-03-20,-29,-1,-28,,-26,-6
OM,Oman,Ash Sharqiyah South Governorate,,,OM-SJ,,ChIJT7UXoH8Lmz4RJhpjUdtTxLU,2021-03-21,-29,7,-34,,-26,-5
OM,Oman,Dhofar Governorate,,,OM-ZU,,ChIJFYjRYj-GLDwROeZRgVhWk8U,2021-01-01,-18,-23,-27,-26,-21,2
OM,Oman,Dhofar Governorate,,,OM-ZU,,ChIJFYjRYj-GLDwROeZRgVhWk8U,2021-01-02,-15,-13,-32,-24,-21,2
OM,Oman,Dhofar Governorate,,,OM-ZU,,ChIJFYjRYj-GLDwROeZRgVhWk8U,2021-01-03,-17,-12,-32,-33,-15,3
OM,Oman,Dhofar Governorate,,,OM-ZU,,ChIJFYjRYj-GLDwROeZRgVhWk8U,2021-01-04,-14,-10,-30,-33,-16,2
OM,Oman,Dhofar Governorate,,,OM-ZU,,ChIJFYjRYj-GLDwROeZRgVhWk8U,2021-01-05,-18,-15,-33,-33,-18,2
OM,Oman,Dhofar Governorate,,,OM-ZU,,ChIJFYjRYj-GLDwROeZRgVhWk8U,2021-01-06,-16,-14,-30,-20,-18,3
OM,Oman,Dhofar Governorate,,,OM-ZU,,ChIJFYjRYj-GLDwROeZRgVhWk8U,2021-01-07,-19,-15,-30,-19,-18,2
OM,Oman,Dhofar Governorate,,,OM-ZU,,ChIJFYjRYj-GLDwROeZRgVhWk8U,2021-01-08,-20,-25,-29,-28,-23,3
OM,Oman,Dhofar Governorate,,,OM-ZU,,ChIJFYjRYj-GLDwROeZRgVhWk8U,2021-01-09,-16,-19,-37,-22,-22,2
OM,Oman,Dhofar Governorate,,,OM-ZU,,ChIJFYjRYj-GLDwROeZRgVhWk8U,2021-01-10,-17,-18,-35,-32,-18,1
OM,Oman,Dhofar Governorate,,,OM-ZU,,ChIJFYjRYj-GLDwROeZRgVhWk8U,2021-01-11,-14,-14,-35,-28,-20,0
OM,Oman,Dhofar Governorate,,,OM-ZU,,ChIJFYjRYj-GLDwROeZRgVhWk8U,2021-01-12,-18,-20,-36,-33,-21,0
OM,Oman,Dhofar Governorate,,,OM-ZU,,ChIJFYjRYj-GLDwROeZRgVhWk8U,2021-01-13,-19,-18,-36,-25,-23,0
OM,Oman,Dhofar Governorate,,,OM-ZU,,ChIJFYjRYj-GLDwROeZRgVhWk8U,2021-01-14,-21,-24,-38,-27,-24,-1
OM,Oman,Dhofar Governorate,,,OM-ZU,,ChIJFYjRYj-GLDwROeZRgVhWk8U,2021-01-15,-24,-35,-34,-38,-31,-1
OM,Oman,Dhofar Governorate,,,OM-ZU,,ChIJFYjRYj-GLDwROeZRgVhWk8U,2021-01-16,-22,-26,-36,-33,-31,-1
OM,Oman,Dhofar Governorate,,,OM-ZU,,ChIJFYjRYj-GLDwROeZRgVhWk8U,2021-01-17,-23,-24,-36,-39,-24,-1
OM,Oman,Dhofar Governorate,,,OM-ZU,,ChIJFYjRYj-GLDwROeZRgVhWk8U,2021-01-18,-20,-21,-35,-42,-24,-1
OM,Oman,Dhofar Governorate,,,OM-ZU,,ChIJFYjRYj-GLDwROeZRgVhWk8U,2021-01-19,-23,-26,-34,-41,-25,-1
OM,Oman,Dhofar Governorate,,,OM-ZU,,ChIJFYjRYj-GLDwROeZRgVhWk8U,2021-01-20,-22,-28,-36,-31,-24,-1
OM,Oman,Dhofar Governorate,,,OM-ZU,,ChIJFYjRYj-GLDwROeZRgVhWk8U,2021-01-21,-21,-22,-33,-27,-23,-2
OM,Oman,Dhofar Governorate,,,OM-ZU,,ChIJFYjRYj-GLDwROeZRgVhWk8U,2021-01-22,-19,-29,-37,-34,-28,1
OM,Oman,Dhofar Governorate,,,OM-ZU,,ChIJFYjRYj-GLDwROeZRgVhWk8U,2021-01-23,-15,-18,-42,-33,-28,0
OM,Oman,Dhofar Governorate,,,OM-ZU,,ChIJFYjRYj-GLDwROeZRgVhWk8U,2021-01-24,-16,-17,-36,-34,-21,-1
OM,Oman,Dhofar Governorate,,,OM-ZU,,ChIJFYjRYj-GLDwROeZRgVhWk8U,2021-01-25,-11,-12,-30,-39,-23,-3
OM,Oman,Dhofar Governorate,,,OM-ZU,,ChIJFYjRYj-GLDwROeZRgVhWk8U,2021-01-26,-13,-17,-31,-31,-25,-2
OM,Oman,Dhofar Governorate,,,OM-ZU,,ChIJFYjRYj-GLDwROeZRgVhWk8U,2021-01-27,-14,-16,-29,-27,-24,-2
OM,Oman,Dhofar Governorate,,,OM-ZU,,ChIJFYjRYj-GLDwROeZRgVhWk8U,2021-01-28,-15,-18,-29,-18,-23,-2
OM,Oman,Dhofar Governorate,,,OM-ZU,,ChIJFYjRYj-GLDwROeZRgVhWk8U,2021-01-29,-18,-26,-32,-28,-30,-1
OM,Oman,Dhofar Governorate,,,OM-ZU,,ChIJFYjRYj-GLDwROeZRgVhWk8U,2021-01-30,-13,-18,-32,-19,-27,-3
OM,Oman,Dhofar Governorate,,,OM-ZU,,ChIJFYjRYj-GLDwROeZRgVhWk8U,2021-01-31,-15,-16,-30,-34,-21,-4
OM,Oman,Dhofar Governorate,,,OM-ZU,,ChIJFYjRYj-GLDwROeZRgVhWk8U,2021-02-01,-7,-13,-27,-41,-22,-4
OM,Oman,Dhofar Governorate,,,OM-ZU,,ChIJFYjRYj-GLDwROeZRgVhWk8U,2021-02-02,-12,-17,-29,-35,-24,-4
OM,Oman,Dhofar Governorate,,,OM-ZU,,ChIJFYjRYj-GLDwROeZRgVhWk8U,2021-02-03,-14,-19,-28,-33,-23,-3
OM,Oman,Dhofar Governorate,,,OM-ZU,,ChIJFYjRYj-GLDwROeZRgVhWk8U,2021-02-04,-18,-24,-29,-31,-23,-3
OM,Oman,Dhofar Governorate,,,OM-ZU,,ChIJFYjRYj-GLDwROeZRgVhWk8U,2021-02-05,-18,-32,-30,-37,-28,-1
OM,Oman,Dhofar Governorate,,,OM-ZU,,ChIJFYjRYj-GLDwROeZRgVhWk8U,2021-02-06,-17,-24,-34,-35,-30,-2
OM,Oman,Dhofar Governorate,,,OM-ZU,,ChIJFYjRYj-GLDwROeZRgVhWk8U,2021-02-07,-19,-21,-30,-36,-21,-3
OM,Oman,Dhofar Governorate,,,OM-ZU,,ChIJFYjRYj-GLDwROeZRgVhWk8U,2021-02-08,-14,-17,-30,-38,-24,-3
OM,Oman,Dhofar Governorate,,,OM-ZU,,ChIJFYjRYj-GLDwROeZRgVhWk8U,2021-02-09,-15,-19,-28,-40,-23,-2
OM,Oman,Dhofar Governorate,,,OM-ZU,,ChIJFYjRYj-GLDwROeZRgVhWk8U,2021-02-10,-15,-17,-28,-25,-23,-3
OM,Oman,Dhofar Governorate,,,OM-ZU,,ChIJFYjRYj-GLDwROeZRgVhWk8U,2021-02-11,-17,-22,-36,-19,-24,-2
OM,Oman,Dhofar Governorate,,,OM-ZU,,ChIJFYjRYj-GLDwROeZRgVhWk8U,2021-02-12,-19,-28,-48,-28,-31,0
OM,Oman,Dhofar Governorate,,,OM-ZU,,ChIJFYjRYj-GLDwROeZRgVhWk8U,2021-02-13,-16,-20,-40,-32,-33,-2
OM,Oman,Dhofar Governorate,,,OM-ZU,,ChIJFYjRYj-GLDwROeZRgVhWk8U,2021-02-14,-17,-16,-34,-31,-24,-4
OM,Oman,Dhofar Governorate,,,OM-ZU,,ChIJFYjRYj-GLDwROeZRgVhWk8U,2021-02-15,-14,-16,-35,-38,-26,-4
OM,Oman,Dhofar Governorate,,,OM-ZU,,ChIJFYjRYj-GLDwROeZRgVhWk8U,2021-02-16,-16,-16,-36,-36,-26,-4
OM,Oman,Dhofar Governorate,,,OM-ZU,,ChIJFYjRYj-GLDwROeZRgVhWk8U,2021-02-17,-16,-16,-31,-26,-25,-4
OM,Oman,Dhofar Governorate,,,OM-ZU,,ChIJFYjRYj-GLDwROeZRgVhWk8U,2021-02-18,-18,-19,-34,-23,-25,-3
OM,Oman,Dhofar Governorate,,,OM-ZU,,ChIJFYjRYj-GLDwROeZRgVhWk8U,2021-02-19,-19,-27,-40,-33,-30,-2
OM,Oman,Dhofar Governorate,,,OM-ZU,,ChIJFYjRYj-GLDwROeZRgVhWk8U,2021-02-20,-15,-18,-38,-29,-29,-3
OM,Oman,Dhofar Governorate,,,OM-ZU,,ChIJFYjRYj-GLDwROeZRgVhWk8U,2021-02-21,-17,-16,-36,-36,-23,-4
OM,Oman,Dhofar Governorate,,,OM-ZU,,ChIJFYjRYj-GLDwROeZRgVhWk8U,2021-02-22,-12,-14,-30,-37,-25,-5
OM,Oman,Dhofar Governorate,,,OM-ZU,,ChIJFYjRYj-GLDwROeZRgVhWk8U,2021-02-23,-8,-9,-31,-29,-25,-6
OM,Oman,Dhofar Governorate,,,OM-ZU,,ChIJFYjRYj-GLDwROeZRgVhWk8U,2021-02-24,-6,-5,-30,-22,-24,-5
OM,Oman,Dhofar Governorate,,,OM-ZU,,ChIJFYjRYj-GLDwROeZRgVhWk8U,2021-02-25,-8,-9,-33,-16,-25,-5
OM,Oman,Dhofar Governorate,,,OM-ZU,,ChIJFYjRYj-GLDwROeZRgVhWk8U,2021-02-26,-10,-15,-38,-23,-29,-3
OM,Oman,Dhofar Governorate,,,OM-ZU,,ChIJFYjRYj-GLDwROeZRgVhWk8U,2021-02-27,-5,-9,-32,-23,-29,-4
OM,Oman,Dhofar Governorate,,,OM-ZU,,ChIJFYjRYj-GLDwROeZRgVhWk8U,2021-02-28,-7,-3,-28,-33,-28,-4
OM,Oman,Dhofar Governorate,,,OM-ZU,,ChIJFYjRYj-GLDwROeZRgVhWk8U,2021-03-01,-2,-1,-26,-36,-29,-5
OM,Oman,Dhofar Governorate,,,OM-ZU,,ChIJFYjRYj-GLDwROeZRgVhWk8U,2021-03-02,-5,-4,-26,-35,-29,-5
OM,Oman,Dhofar Governorate,,,OM-ZU,,ChIJFYjRYj-GLDwROeZRgVhWk8U,2021-03-03,-3,0,-25,-22,-29,-5
OM,Oman,Dhofar Governorate,,,OM-ZU,,ChIJFYjRYj-GLDwROeZRgVhWk8U,2021-03-04,-25,-21,-35,-22,-31,-2
OM,Oman,Dhofar Governorate,,,OM-ZU,,ChIJFYjRYj-GLDwROeZRgVhWk8U,2021-03-05,-27,-25,-42,-32,-31,0
OM,Oman,Dhofar Governorate,,,OM-ZU,,ChIJFYjRYj-GLDwROeZRgVhWk8U,2021-03-06,-19,-15,-37,-25,-31,-2
OM,Oman,Dhofar Governorate,,,OM-ZU,,ChIJFYjRYj-GLDwROeZRgVhWk8U,2021-03-07,-21,-15,-33,-35,-26,-3
OM,Oman,Dhofar Governorate,,,OM-ZU,,ChIJFYjRYj-GLDwROeZRgVhWk8U,2021-03-08,-17,-13,-31,-33,-28,-3
OM,Oman,Dhofar Governorate,,,OM-ZU,,ChIJFYjRYj-GLDwROeZRgVhWk8U,2021-03-09,-20,-16,-33,-33,-27,-3
OM,Oman,Dhofar Governorate,,,OM-ZU,,ChIJFYjRYj-GLDwROeZRgVhWk8U,2021-03-10,-18,-12,-30,-19,-28,-3
OM,Oman,Dhofar Governorate,,,OM-ZU,,ChIJFYjRYj-GLDwROeZRgVhWk8U,2021-03-11,-24,-20,-37,-32,-50,3
OM,Oman,Dhofar Governorate,,,OM-ZU,,ChIJFYjRYj-GLDwROeZRgVhWk8U,2021-03-12,-24,-24,-39,-33,-32,-1
OM,Oman,Dhofar Governorate,,,OM-ZU,,ChIJFYjRYj-GLDwROeZRgVhWk8U,2021-03-13,-17,-16,-36,-26,-32,-3
OM,Oman,Dhofar Governorate,,,OM-ZU,,ChIJFYjRYj-GLDwROeZRgVhWk8U,2021-03-14,-20,-16,-32,-35,-24,-4
OM,Oman,Dhofar Governorate,,,OM-ZU,,ChIJFYjRYj-GLDwROeZRgVhWk8U,2021-03-15,-16,-12,-32,-33,-25,-4
OM,Oman,Dhofar Governorate,,,OM-ZU,,ChIJFYjRYj-GLDwROeZRgVhWk8U,2021-03-16,-18,-16,-31,-37,-25,-3
OM,Oman,Dhofar Governorate,,,OM-ZU,,ChIJFYjRYj-GLDwROeZRgVhWk8U,2021-03-17,-20,-14,-30,-27,-25,-3
OM,Oman,Dhofar Governorate,,,OM-ZU,,ChIJFYjRYj-GLDwROeZRgVhWk8U,2021-03-18,-22,-17,-33,-24,-26,-3
OM,Oman,Dhofar Governorate,,,OM-ZU,,ChIJFYjRYj-GLDwROeZRgVhWk8U,2021-03-19,-21,-23,-37,-32,-29,-1
OM,Oman,Dhofar Governorate,,,OM-ZU,,ChIJFYjRYj-GLDwROeZRgVhWk8U,2021-03-20,-16,-16,-35,-29,-29,-2
OM,Oman,Dhofar Governorate,,,OM-ZU,,ChIJFYjRYj-GLDwROeZRgVhWk8U,2021-03-21,-16,-13,-34,-33,-23,-2
OM,Oman,Musandam Governorate,,,OM-MU,,ChIJ42mTJ-aI9j4RSLzktVjE0UU,2021-01-01,,,-32,,-15,
OM,Oman,Musandam Governorate,,,OM-MU,,ChIJ42mTJ-aI9j4RSLzktVjE0UU,2021-01-02,,,,,-25,
OM,Oman,Musandam Governorate,,,OM-MU,,ChIJ42mTJ-aI9j4RSLzktVjE0UU,2021-01-03,,,,,-23,
OM,Oman,Musandam Governorate,,,OM-MU,,ChIJ42mTJ-aI9j4RSLzktVjE0UU,2021-01-04,,,,,-17,
OM,Oman,Musandam Governorate,,,OM-MU,,ChIJ42mTJ-aI9j4RSLzktVjE0UU,2021-01-05,,,,,-22,
OM,Oman,Musandam Governorate,,,OM-MU,,ChIJ42mTJ-aI9j4RSLzktVjE0UU,2021-01-06,,,-47,,-20,
OM,Oman,Musandam Governorate,,,OM-MU,,ChIJ42mTJ-aI9j4RSLzktVjE0UU,2021-01-07,,,-46,,-21,
OM,Oman,Musandam Governorate,,,OM-MU,,ChIJ42mTJ-aI9j4RSLzktVjE0UU,2021-01-08,,,-32,,-25,
OM,Oman,Musandam Governorate,,,OM-MU,,ChIJ42mTJ-aI9j4RSLzktVjE0UU,2021-01-09,,,,,-22,
OM,Oman,Musandam Governorate,,,OM-MU,,ChIJ42mTJ-aI9j4RSLzktVjE0UU,2021-01-10,,,,,-23,
OM,Oman,Musandam Governorate,,,OM-MU,,ChIJ42mTJ-aI9j4RSLzktVjE0UU,2021-01-11,,,,,-21,
OM,Oman,Musandam Governorate,,,OM-MU,,ChIJ42mTJ-aI9j4RSLzktVjE0UU,2021-01-12,,,,,-25,
OM,Oman,Musandam Governorate,,,OM-MU,,ChIJ42mTJ-aI9j4RSLzktVjE0UU,2021-01-13,,,-44,,-26,
OM,Oman,Musandam Governorate,,,OM-MU,,ChIJ42mTJ-aI9j4RSLzktVjE0UU,2021-01-14,,,-42,,-30,
OM,Oman,Musandam Governorate,,,OM-MU,,ChIJ42mTJ-aI9j4RSLzktVjE0UU,2021-01-15,,,-38,,-27,
OM,Oman,Musandam Governorate,,,OM-MU,,ChIJ42mTJ-aI9j4RSLzktVjE0UU,2021-01-16,,,,,-26,
OM,Oman,Musandam Governorate,,,OM-MU,,ChIJ42mTJ-aI9j4RSLzktVjE0UU,2021-01-17,,,,,-28,
OM,Oman,Musandam Governorate,,,OM-MU,,ChIJ42mTJ-aI9j4RSLzktVjE0UU,2021-01-18,,,,,-28,
OM,Oman,Musandam Governorate,,,OM-MU,,ChIJ42mTJ-aI9j4RSLzktVjE0UU,2021-01-19,,,,,-26,
OM,Oman,Musandam Governorate,,,OM-MU,,ChIJ42mTJ-aI9j4RSLzktVjE0UU,2021-01-20,,,-46,,-27,
OM,Oman,Musandam Governorate,,,OM-MU,,ChIJ42mTJ-aI9j4RSLzktVjE0UU,2021-01-21,,,-47,,-27,
OM,Oman,Musandam Governorate,,,OM-MU,,ChIJ42mTJ-aI9j4RSLzktVjE0UU,2021-01-22,,,-33,,-34,
OM,Oman,Musandam Governorate,,,OM-MU,,ChIJ42mTJ-aI9j4RSLzktVjE0UU,2021-01-23,,,,,-24,
OM,Oman,Musandam Governorate,,,OM-MU,,ChIJ42mTJ-aI9j4RSLzktVjE0UU,2021-01-24,,,,,-21,
OM,Oman,Musandam Governorate,,,OM-MU,,ChIJ42mTJ-aI9j4RSLzktVjE0UU,2021-01-25,,,,,-23,
OM,Oman,Musandam Governorate,,,OM-MU,,ChIJ42mTJ-aI9j4RSLzktVjE0UU,2021-01-26,,,,,-22,
OM,Oman,Musandam Governorate,,,OM-MU,,ChIJ42mTJ-aI9j4RSLzktVjE0UU,2021-01-27,,,-44,,-26,
OM,Oman,Musandam Governorate,,,OM-MU,,ChIJ42mTJ-aI9j4RSLzktVjE0UU,2021-01-28,,,-41,,-25,
OM,Oman,Musandam Governorate,,,OM-MU,,ChIJ42mTJ-aI9j4RSLzktVjE0UU,2021-01-29,,,-35,,-34,
OM,Oman,Musandam Governorate,,,OM-MU,,ChIJ42mTJ-aI9j4RSLzktVjE0UU,2021-01-30,,,,,-31,
OM,Oman,Musandam Governorate,,,OM-MU,,ChIJ42mTJ-aI9j4RSLzktVjE0UU,2021-01-31,,,,,-25,
OM,Oman,Musandam Governorate,,,OM-MU,,ChIJ42mTJ-aI9j4RSLzktVjE0UU,2021-02-01,,,,,-25,
OM,Oman,Musandam Governorate,,,OM-MU,,ChIJ42mTJ-aI9j4RSLzktVjE0UU,2021-02-02,,,,,-25,
OM,Oman,Musandam Governorate,,,OM-MU,,ChIJ42mTJ-aI9j4RSLzktVjE0UU,2021-02-03,,,-44,,-27,
OM,Oman,Musandam Governorate,,,OM-MU,,ChIJ42mTJ-aI9j4RSLzktVjE0UU,2021-02-04,,,-37,,-30,
OM,Oman,Musandam Governorate,,,OM-MU,,ChIJ42mTJ-aI9j4RSLzktVjE0UU,2021-02-05,,,-35,,-31,
OM,Oman,Musandam Governorate,,,OM-MU,,ChIJ42mTJ-aI9j4RSLzktVjE0UU,2021-02-06,,,,,-33,
OM,Oman,Musandam Governorate,,,OM-MU,,ChIJ42mTJ-aI9j4RSLzktVjE0UU,2021-02-07,,,,,-28,
OM,Oman,Musandam Governorate,,,OM-MU,,ChIJ42mTJ-aI9j4RSLzktVjE0UU,2021-02-08,,,,,-28,
OM,Oman,Musandam Governorate,,,OM-MU,,ChIJ42mTJ-aI9j4RSLzktVjE0UU,2021-02-09,,,,,-32,
OM,Oman,Musandam Governorate,,,OM-MU,,ChIJ42mTJ-aI9j4RSLzktVjE0UU,2021-02-10,,,-42,,-26,
OM,Oman,Musandam Governorate,,,OM-MU,,ChIJ42mTJ-aI9j4RSLzktVjE0UU,2021-02-11,,,-49,,-32,
OM,Oman,Musandam Governorate,,,OM-MU,,ChIJ42mTJ-aI9j4RSLzktVjE0UU,2021-02-12,,,-47,,-36,
OM,Oman,Musandam Governorate,,,OM-MU,,ChIJ42mTJ-aI9j4RSLzktVjE0UU,2021-02-13,,,,,-40,
OM,Oman,Musandam Governorate,,,OM-MU,,ChIJ42mTJ-aI9j4RSLzktVjE0UU,2021-02-14,,,,,-34,
OM,Oman,Musandam Governorate,,,OM-MU,,ChIJ42mTJ-aI9j4RSLzktVjE0UU,2021-02-15,,,,,-29,
OM,Oman,Musandam Governorate,,,OM-MU,,ChIJ42mTJ-aI9j4RSLzktVjE0UU,2021-02-16,,,,,-36,
OM,Oman,Musandam Governorate,,,OM-MU,,ChIJ42mTJ-aI9j4RSLzktVjE0UU,2021-02-17,,,-48,,-34,
OM,Oman,Musandam Governorate,,,OM-MU,,ChIJ42mTJ-aI9j4RSLzktVjE0UU,2021-02-18,,,-46,,-35,
OM,Oman,Musandam Governorate,,,OM-MU,,ChIJ42mTJ-aI9j4RSLzktVjE0UU,2021-02-19,,,-49,,-28,
OM,Oman,Musandam Governorate,,,OM-MU,,ChIJ42mTJ-aI9j4RSLzktVjE0UU,2021-02-20,,,,,-35,
OM,Oman,Musandam Governorate,,,OM-MU,,ChIJ42mTJ-aI9j4RSLzktVjE0UU,2021-02-21,,,,,-31,
OM,Oman,Musandam Governorate,,,OM-MU,,ChIJ42mTJ-aI9j4RSLzktVjE0UU,2021-02-22,,,,,-32,
OM,Oman,Musandam Governorate,,,OM-MU,,ChIJ42mTJ-aI9j4RSLzktVjE0UU,2021-02-23,,,,,-31,
OM,Oman,Musandam Governorate,,,OM-MU,,ChIJ42mTJ-aI9j4RSLzktVjE0UU,2021-02-24,,,-44,,-34,
OM,Oman,Musandam Governorate,,,OM-MU,,ChIJ42mTJ-aI9j4RSLzktVjE0UU,2021-02-25,,,-42,,-34,
OM,Oman,Musandam Governorate,,,OM-MU,,ChIJ42mTJ-aI9j4RSLzktVjE0UU,2021-02-26,,,-45,,-39,
OM,Oman,Musandam Governorate,,,OM-MU,,ChIJ42mTJ-aI9j4RSLzktVjE0UU,2021-02-27,,,,,-35,
OM,Oman,Musandam Governorate,,,OM-MU,,ChIJ42mTJ-aI9j4RSLzktVjE0UU,2021-02-28,,,,,-36,
OM,Oman,Musandam Governorate,,,OM-MU,,ChIJ42mTJ-aI9j4RSLzktVjE0UU,2021-03-01,,,,,-34,
OM,Oman,Musandam Governorate,,,OM-MU,,ChIJ42mTJ-aI9j4RSLzktVjE0UU,2021-03-02,,,,,-35,
OM,Oman,Musandam Governorate,,,OM-MU,,ChIJ42mTJ-aI9j4RSLzktVjE0UU,2021-03-03,,,-45,,-38,
OM,Oman,Musandam Governorate,,,OM-MU,,ChIJ42mTJ-aI9j4RSLzktVjE0UU,2021-03-04,,,-43,,-40,
OM,Oman,Musandam Governorate,,,OM-MU,,ChIJ42mTJ-aI9j4RSLzktVjE0UU,2021-03-05,,,-46,,-37,
OM,Oman,Musandam Governorate,,,OM-MU,,ChIJ42mTJ-aI9j4RSLzktVjE0UU,2021-03-06,,,,,-30,
OM,Oman,Musandam Governorate,,,OM-MU,,ChIJ42mTJ-aI9j4RSLzktVjE0UU,2021-03-07,,,,,-31,
OM,Oman,Musandam Governorate,,,OM-MU,,ChIJ42mTJ-aI9j4RSLzktVjE0UU,2021-03-08,,,,,-32,
OM,Oman,Musandam Governorate,,,OM-MU,,ChIJ42mTJ-aI9j4RSLzktVjE0UU,2021-03-09,,,,,-33,
OM,Oman,Musandam Governorate,,,OM-MU,,ChIJ42mTJ-aI9j4RSLzktVjE0UU,2021-03-10,,,-39,,-34,
OM,Oman,Musandam Governorate,,,OM-MU,,ChIJ42mTJ-aI9j4RSLzktVjE0UU,2021-03-11,,,-48,,-53,
OM,Oman,Musandam Governorate,,,OM-MU,,ChIJ42mTJ-aI9j4RSLzktVjE0UU,2021-03-12,,,-45,,-34,
OM,Oman,Musandam Governorate,,,OM-MU,,ChIJ42mTJ-aI9j4RSLzktVjE0UU,2021-03-13,,,,,-32,
OM,Oman,Musandam Governorate,,,OM-MU,,ChIJ42mTJ-aI9j4RSLzktVjE0UU,2021-03-14,,,,,-32,
OM,Oman,Musandam Governorate,,,OM-MU,,ChIJ42mTJ-aI9j4RSLzktVjE0UU,2021-03-15,,,,,-28,
OM,Oman,Musandam Governorate,,,OM-MU,,ChIJ42mTJ-aI9j4RSLzktVjE0UU,2021-03-16,,,,,-29,
OM,Oman,Musandam Governorate,,,OM-MU,,ChIJ42mTJ-aI9j4RSLzktVjE0UU,2021-03-17,,,-50,,-34,
OM,Oman,Musandam Governorate,,,OM-MU,,ChIJ42mTJ-aI9j4RSLzktVjE0UU,2021-03-18,,,-48,,-28,
OM,Oman,Musandam Governorate,,,OM-MU,,ChIJ42mTJ-aI9j4RSLzktVjE0UU,2021-03-19,,,-41,,-31,
OM,Oman,Musandam Governorate,,,OM-MU,,ChIJ42mTJ-aI9j4RSLzktVjE0UU,2021-03-20,,,,,-31,
OM,Oman,Musandam Governorate,,,OM-MU,,ChIJ42mTJ-aI9j4RSLzktVjE0UU,2021-03-21,,,,,-33,
OM,Oman,Muscat Governorate,,,OM-MA,,ChIJ0WK2tavykT4RYWFJzBe5lcY,2021-01-01,-26,-18,-26,-42,-23,2
OM,Oman,Muscat Governorate,,,OM-MA,,ChIJ0WK2tavykT4RYWFJzBe5lcY,2021-01-02,-26,-15,-32,-39,-22,3
OM,Oman,Muscat Governorate,,,OM-MA,,ChIJ0WK2tavykT4RYWFJzBe5lcY,2021-01-03,-24,-12,-32,-38,-23,5
OM,Oman,Muscat Governorate,,,OM-MA,,ChIJ0WK2tavykT4RYWFJzBe5lcY,2021-01-04,-26,-13,-36,-41,-24,5
OM,Oman,Muscat Governorate,,,OM-MA,,ChIJ0WK2tavykT4RYWFJzBe5lcY,2021-01-05,-26,-15,-34,-35,-25,5
OM,Oman,Muscat Governorate,,,OM-MA,,ChIJ0WK2tavykT4RYWFJzBe5lcY,2021-01-06,-24,-13,-36,-34,-25,5
OM,Oman,Muscat Governorate,,,OM-MA,,ChIJ0WK2tavykT4RYWFJzBe5lcY,2021-01-07,-25,-12,-35,-36,-24,6
OM,Oman,Muscat Governorate,,,OM-MA,,ChIJ0WK2tavykT4RYWFJzBe5lcY,2021-01-08,-27,-18,-36,-42,-24,3
OM,Oman,Muscat Governorate,,,OM-MA,,ChIJ0WK2tavykT4RYWFJzBe5lcY,2021-01-09,-25,-16,-33,-39,-23,2
OM,Oman,Muscat Governorate,,,OM-MA,,ChIJ0WK2tavykT4RYWFJzBe5lcY,2021-01-10,-24,-13,-32,-39,-23,3
OM,Oman,Muscat Governorate,,,OM-MA,,ChIJ0WK2tavykT4RYWFJzBe5lcY,2021-01-11,-26,-14,-37,-40,-25,4
OM,Oman,Muscat Governorate,,,OM-MA,,ChIJ0WK2tavykT4RYWFJzBe5lcY,2021-01-12,-27,-17,-35,-34,-26,3
OM,Oman,Muscat Governorate,,,OM-MA,,ChIJ0WK2tavykT4RYWFJzBe5lcY,2021-01-13,-26,-16,-37,-39,-26,2
OM,Oman,Muscat Governorate,,,OM-MA,,ChIJ0WK2tavykT4RYWFJzBe5lcY,2021-01-14,-28,-16,-36,-41,-28,2
OM,Oman,Muscat Governorate,,,OM-MA,,ChIJ0WK2tavykT4RYWFJzBe5lcY,2021-01-15,-31,-24,-34,-49,-31,0
OM,Oman,Muscat Governorate,,,OM-MA,,ChIJ0WK2tavykT4RYWFJzBe5lcY,2021-01-16,-30,-22,-34,-46,-30,0
OM,Oman,Muscat Governorate,,,OM-MA,,ChIJ0WK2tavykT4RYWFJzBe5lcY,2021-01-17,-29,-20,-36,-46,-27,1
OM,Oman,Muscat Governorate,,,OM-MA,,ChIJ0WK2tavykT4RYWFJzBe5lcY,2021-01-18,-31,-20,-38,-48,-29,2
OM,Oman,Muscat Governorate,,,OM-MA,,ChIJ0WK2tavykT4RYWFJzBe5lcY,2021-01-19,-31,-23,-36,-40,-28,2
OM,Oman,Muscat Governorate,,,OM-MA,,ChIJ0WK2tavykT4RYWFJzBe5lcY,2021-01-20,-29,-20,-36,-44,-28,2
OM,Oman,Muscat Governorate,,,OM-MA,,ChIJ0WK2tavykT4RYWFJzBe5lcY,2021-01-21,-27,-16,-35,-42,-27,2
OM,Oman,Muscat Governorate,,,OM-MA,,ChIJ0WK2tavykT4RYWFJzBe5lcY,2021-01-22,-29,-22,-29,-50,-30,1
OM,Oman,Muscat Governorate,,,OM-MA,,ChIJ0WK2tavykT4RYWFJzBe5lcY,2021-01-23,-27,-18,-34,-46,-27,1
OM,Oman,Muscat Governorate,,,OM-MA,,ChIJ0WK2tavykT4RYWFJzBe5lcY,2021-01-24,-26,-16,-33,-45,-26,1
OM,Oman,Muscat Governorate,,,OM-MA,,ChIJ0WK2tavykT4RYWFJzBe5lcY,2021-01-25,-26,-14,-36,-47,-27,1
OM,Oman,Muscat Governorate,,,OM-MA,,ChIJ0WK2tavykT4RYWFJzBe5lcY,2021-01-26,-26,-17,-34,-39,-27,1
OM,Oman,Muscat Governorate,,,OM-MA,,ChIJ0WK2tavykT4RYWFJzBe5lcY,2021-01-27,-24,-15,-36,-40,-27,1
OM,Oman,Muscat Governorate,,,OM-MA,,ChIJ0WK2tavykT4RYWFJzBe5lcY,2021-01-28,-24,-13,-34,-42,-26,1
OM,Oman,Muscat Governorate,,,OM-MA,,ChIJ0WK2tavykT4RYWFJzBe5lcY,2021-01-29,-26,-17,-32,-46,-29,1
OM,Oman,Muscat Governorate,,,OM-MA,,ChIJ0WK2tavykT4RYWFJzBe5lcY,2021-01-30,-24,-14,-31,-43,-27,-1
OM,Oman,Muscat Governorate,,,OM-MA,,ChIJ0WK2tavykT4RYWFJzBe5lcY,2021-01-31,-23,-11,-32,-43,-24,-1
OM,Oman,Muscat Governorate,,,OM-MA,,ChIJ0WK2tavykT4RYWFJzBe5lcY,2021-02-01,-24,-12,-33,-46,-26,-1
OM,Oman,Muscat Governorate,,,OM-MA,,ChIJ0WK2tavykT4RYWFJzBe5lcY,2021-02-02,-24,-13,-32,-37,-26,-1
OM,Oman,Muscat Governorate,,,OM-MA,,ChIJ0WK2tavykT4RYWFJzBe5lcY,2021-02-03,-25,-15,-34,-41,-26,0
OM,Oman,Muscat Governorate,,,OM-MA,,ChIJ0WK2tavykT4RYWFJzBe5lcY,2021-02-04,-25,-14,-32,-43,-26,0
OM,Oman,Muscat Governorate,,,OM-MA,,ChIJ0WK2tavykT4RYWFJzBe5lcY,2021-02-05,-27,-19,-29,-48,-30,0
OM,Oman,Muscat Governorate,,,OM-MA,,ChIJ0WK2tavykT4RYWFJzBe5lcY,2021-02-06,-26,-18,-30,-45,-28,-1
OM,Oman,Muscat Governorate,,,OM-MA,,ChIJ0WK2tavykT4RYWFJzBe5lcY,2021-02-07,-26,-16,-30,-46,-24,0
OM,Oman,Muscat Governorate,,,OM-MA,,ChIJ0WK2tavykT4RYWFJzBe5lcY,2021-02-08,-26,-17,-31,-45,-27,0
OM,Oman,Muscat Governorate,,,OM-MA,,ChIJ0WK2tavykT4RYWFJzBe5lcY,2021-02-09,-26,-15,-26,-38,-26,0
OM,Oman,Muscat Governorate,,,OM-MA,,ChIJ0WK2tavykT4RYWFJzBe5lcY,2021-02-10,-24,-14,-27,-41,-26,1
OM,Oman,Muscat Governorate,,,OM-MA,,ChIJ0WK2tavykT4RYWFJzBe5lcY,2021-02-11,-25,-12,-47,-41,-26,1
OM,Oman,Muscat Governorate,,,OM-MA,,ChIJ0WK2tavykT4RYWFJzBe5lcY,2021-02-12,-28,-20,-61,-49,-30,1
OM,Oman,Muscat Governorate,,,OM-MA,,ChIJ0WK2tavykT4RYWFJzBe5lcY,2021-02-13,-26,-15,-49,-44,-29,-1
OM,Oman,Muscat Governorate,,,OM-MA,,ChIJ0WK2tavykT4RYWFJzBe5lcY,2021-02-14,-22,-12,-40,-44,-24,-1
OM,Oman,Muscat Governorate,,,OM-MA,,ChIJ0WK2tavykT4RYWFJzBe5lcY,2021-02-15,-27,-14,-46,-48,-27,-1
OM,Oman,Muscat Governorate,,,OM-MA,,ChIJ0WK2tavykT4RYWFJzBe5lcY,2021-02-16,-27,-15,-46,-40,-27,-1
OM,Oman,Muscat Governorate,,,OM-MA,,ChIJ0WK2tavykT4RYWFJzBe5lcY,2021-02-17,-25,-12,-46,-44,-27,0
OM,Oman,Muscat Governorate,,,OM-MA,,ChIJ0WK2tavykT4RYWFJzBe5lcY,2021-02-18,-24,-12,-47,-43,-27,0
OM,Oman,Muscat Governorate,,,OM-MA,,ChIJ0WK2tavykT4RYWFJzBe5lcY,2021-02-19,-26,-17,-60,-51,-30,1
OM,Oman,Muscat Governorate,,,OM-MA,,ChIJ0WK2tavykT4RYWFJzBe5lcY,2021-02-20,-24,-13,-48,-46,-28,-1
OM,Oman,Muscat Governorate,,,OM-MA,,ChIJ0WK2tavykT4RYWFJzBe5lcY,2021-02-21,-24,-12,-41,-46,-23,-1
OM,Oman,Muscat Governorate,,,OM-MA,,ChIJ0WK2tavykT4RYWFJzBe5lcY,2021-02-22,-25,-13,-46,-47,-25,-1
OM,Oman,Muscat Governorate,,,OM-MA,,ChIJ0WK2tavykT4RYWFJzBe5lcY,2021-02-23,-23,-11,-44,-40,-26,-1
OM,Oman,Muscat Governorate,,,OM-MA,,ChIJ0WK2tavykT4RYWFJzBe5lcY,2021-02-24,-20,-8,-46,-40,-26,-1
OM,Oman,Muscat Governorate,,,OM-MA,,ChIJ0WK2tavykT4RYWFJzBe5lcY,2021-02-25,-19,-5,-47,-40,-25,-1
OM,Oman,Muscat Governorate,,,OM-MA,,ChIJ0WK2tavykT4RYWFJzBe5lcY,2021-02-26,-20,-10,-59,-47,-29,0
OM,Oman,Muscat Governorate,,,OM-MA,,ChIJ0WK2tavykT4RYWFJzBe5lcY,2021-02-27,-18,-6,-46,-42,-26,-2
OM,Oman,Muscat Governorate,,,OM-MA,,ChIJ0WK2tavykT4RYWFJzBe5lcY,2021-02-28,-15,-3,-37,-41,-26,-2
OM,Oman,Muscat Governorate,,,OM-MA,,ChIJ0WK2tavykT4RYWFJzBe5lcY,2021-03-01,-16,-2,-42,-44,-28,-2
OM,Oman,Muscat Governorate,,,OM-MA,,ChIJ0WK2tavykT4RYWFJzBe5lcY,2021-03-02,-16,-4,-40,-38,-29,-2
OM,Oman,Muscat Governorate,,,OM-MA,,ChIJ0WK2tavykT4RYWFJzBe5lcY,2021-03-03,-13,-1,-41,-37,-28,-2
OM,Oman,Muscat Governorate,,,OM-MA,,ChIJ0WK2tavykT4RYWFJzBe5lcY,2021-03-04,-31,-16,-49,-42,-30,2
OM,Oman,Muscat Governorate,,,OM-MA,,ChIJ0WK2tavykT4RYWFJzBe5lcY,2021-03-05,-33,-17,-62,-48,-30,2
OM,Oman,Muscat Governorate,,,OM-MA,,ChIJ0WK2tavykT4RYWFJzBe5lcY,2021-03-06,-27,-13,-48,-45,-28,-1
OM,Oman,Muscat Governorate,,,OM-MA,,ChIJ0WK2tavykT4RYWFJzBe5lcY,2021-03-07,-27,-12,-40,-45,-24,0
OM,Oman,Muscat Governorate,,,OM-MA,,ChIJ0WK2tavykT4RYWFJzBe5lcY,2021-03-08,-29,-13,-45,-46,-27,0
OM,Oman,Muscat Governorate,,,OM-MA,,ChIJ0WK2tavykT4RYWFJzBe5lcY,2021-03-09,-29,-14,-43,-38,-27,0
OM,Oman,Muscat Governorate,,,OM-MA,,ChIJ0WK2tavykT4RYWFJzBe5lcY,2021-03-10,-27,-11,-46,-39,-26,-1
OM,Oman,Muscat Governorate,,,OM-MA,,ChIJ0WK2tavykT4RYWFJzBe5lcY,2021-03-11,-30,-7,-46,-46,-62,9
OM,Oman,Muscat Governorate,,,OM-MA,,ChIJ0WK2tavykT4RYWFJzBe5lcY,2021-03-12,-33,-18,-59,-48,-30,1
OM,Oman,Muscat Governorate,,,OM-MA,,ChIJ0WK2tavykT4RYWFJzBe5lcY,2021-03-13,-27,-13,-48,-44,-28,-1
OM,Oman,Muscat Governorate,,,OM-MA,,ChIJ0WK2tavykT4RYWFJzBe5lcY,2021-03-14,-26,-12,-39,-42,-24,-1
OM,Oman,Muscat Governorate,,,OM-MA,,ChIJ0WK2tavykT4RYWFJzBe5lcY,2021-03-15,-28,-13,-44,-43,-25,0
OM,Oman,Muscat Governorate,,,OM-MA,,ChIJ0WK2tavykT4RYWFJzBe5lcY,2021-03-16,-28,-14,-40,-39,-26,0
OM,Oman,Muscat Governorate,,,OM-MA,,ChIJ0WK2tavykT4RYWFJzBe5lcY,2021-03-17,-27,-12,-42,-40,-26,0
OM,Oman,Muscat Governorate,,,OM-MA,,ChIJ0WK2tavykT4RYWFJzBe5lcY,2021-03-18,-28,-13,-46,-39,-25,1
OM,Oman,Muscat Governorate,,,OM-MA,,ChIJ0WK2tavykT4RYWFJzBe5lcY,2021-03-19,-27,-14,-55,-46,-28,1
OM,Oman,Muscat Governorate,,,OM-MA,,ChIJ0WK2tavykT4RYWFJzBe5lcY,2021-03-20,-24,-10,-45,-44,-27,0
OM,Oman,Muscat Governorate,,,OM-MA,,ChIJ0WK2tavykT4RYWFJzBe5lcY,2021-03-21,-23,-9,-38,-41,-24,0
